lower,upper,quantity,interval,dataset_name,growth_rate_hr
0.036928470000000005,0.038037295,mass_spec_phi_M,95%,Caglar et al. 2017,0.6630116912775283
0.0370987,0.037851525000000004,mass_spec_phi_M,75%,Caglar et al. 2017,0.6630116912775283
0.037372625,0.0375773,mass_spec_phi_M,25%,Caglar et al. 2017,0.6630116912775283
0.03747705,0.03747705,mass_spec_phi_M,median,Caglar et al. 2017,0.6630116912775283
0.032566785,0.03355381,mass_spec_phi_M,95%,Caglar et al. 2017,0.7747553284413429
0.032717487499999996,0.033388425,mass_spec_phi_M,75%,Caglar et al. 2017,0.7747553284413429
0.032963225,0.0331444375,mass_spec_phi_M,25%,Caglar et al. 2017,0.7747553284413429
0.03305585,0.03305585,mass_spec_phi_M,median,Caglar et al. 2017,0.7747553284413429
0.035755630000000004,0.03683161,mass_spec_phi_M,95%,Li et al. 2014,0.738700370046123
0.0359196,0.0366517125,mass_spec_phi_M,75%,Li et al. 2014,0.738700370046123
0.0361875625,0.0363849125,mass_spec_phi_M,25%,Li et al. 2014,0.738700370046123
0.036287349999999996,0.036287349999999996,mass_spec_phi_M,median,Li et al. 2014,0.738700370046123
0.021666690000000002,0.02290031,mass_spec_phi_M,95%,Li et al. 2014,1.5693898427772346
0.0218562875,0.0227049125,mass_spec_phi_M,75%,Li et al. 2014,1.5693898427772346
0.022159225,0.022388137500000002,mass_spec_phi_M,25%,Li et al. 2014,1.5693898427772346
0.022277850000000002,0.022277850000000002,mass_spec_phi_M,median,Li et al. 2014,1.5693898427772346
0.009790426999999999,0.01058385,mass_spec_phi_M,95%,Li et al. 2014,1.934364224818452
0.00990730375,0.0104596,mass_spec_phi_M,75%,Li et al. 2014,1.934364224818452
0.010104925,0.0102569375,mass_spec_phi_M,25%,Li et al. 2014,1.934364224818452
0.0101813,0.0101813,mass_spec_phi_M,median,Li et al. 2014,1.934364224818452
0.05418239,0.055956544999999996,mass_spec_phi_M,95%,Mori et al. 2021,0.33
0.0544543125,0.0556708625,mass_spec_phi_M,75%,Mori et al. 2021,0.33
0.0548961,0.055222675,mass_spec_phi_M,25%,Mori et al. 2021,0.33
0.05505135,0.05505135,mass_spec_phi_M,median,Mori et al. 2021,0.33
0.053901315000000005,0.05566042,mass_spec_phi_M,95%,Mori et al. 2021,0.34
0.0541702625,0.055374725,mass_spec_phi_M,75%,Mori et al. 2021,0.34
0.0546086125,0.0549309375,mass_spec_phi_M,25%,Mori et al. 2021,0.34
0.0547626,0.0547626,mass_spec_phi_M,median,Mori et al. 2021,0.34
0.054989785,0.05677703,mass_spec_phi_M,95%,Mori et al. 2021,0.35
0.0552647875,0.056486925,mass_spec_phi_M,75%,Mori et al. 2021,0.35
0.0557108,0.0560385,mass_spec_phi_M,25%,Mori et al. 2021,0.35
0.055867150000000004,0.055867150000000004,mass_spec_phi_M,median,Mori et al. 2021,0.35
0.048405439999999994,0.049896315,mass_spec_phi_M,95%,Mori et al. 2021,0.48
0.0486294,0.049645575000000004,mass_spec_phi_M,75%,Mori et al. 2021,0.48
0.0490046625,0.0492788375,mass_spec_phi_M,25%,Mori et al. 2021,0.48
0.0491389,0.0491389,mass_spec_phi_M,median,Mori et al. 2021,0.48
0.051665485000000004,0.05325021,mass_spec_phi_M,95%,Mori et al. 2021,0.4892803627481966
0.051903825,0.052985287500000006,mass_spec_phi_M,75%,Mori et al. 2021,0.4892803627481966
0.052303625,0.052593837500000004,mass_spec_phi_M,25%,Mori et al. 2021,0.4892803627481966
0.05244615,0.05244615,mass_spec_phi_M,median,Mori et al. 2021,0.4892803627481966
0.047652195,0.049113710000000005,mass_spec_phi_M,95%,Mori et al. 2021,0.49
0.0478718625,0.0488699,mass_spec_phi_M,75%,Mori et al. 2021,0.49
0.0482408,0.048508775000000004,mass_spec_phi_M,25%,Mori et al. 2021,0.49
0.0483722,0.0483722,mass_spec_phi_M,median,Mori et al. 2021,0.49
0.047343995,0.048796204999999995,mass_spec_phi_M,95%,Mori et al. 2021,0.5
0.0475619875,0.0485498125,mass_spec_phi_M,75%,Mori et al. 2021,0.5
0.0479277625,0.0481937375,mass_spec_phi_M,25%,Mori et al. 2021,0.5
0.04805865,0.04805865,mass_spec_phi_M,median,Mori et al. 2021,0.5
0.0344818,0.03553952,mass_spec_phi_M,95%,Mori et al. 2021,0.5010702510071894
0.0346404875,0.0353599,mass_spec_phi_M,75%,Mori et al. 2021,0.5010702510071894
0.0349069625,0.0351004375,mass_spec_phi_M,25%,Mori et al. 2021,0.5010702510071894
0.03500235,0.03500235,mass_spec_phi_M,median,Mori et al. 2021,0.5010702510071894
0.04812327,0.04958251,mass_spec_phi_M,95%,Mori et al. 2021,0.55
0.0483438,0.0493337125,mass_spec_phi_M,75%,Mori et al. 2021,0.55
0.0487117,0.0489767125,mass_spec_phi_M,25%,Mori et al. 2021,0.55
0.04884365,0.04884365,mass_spec_phi_M,median,Mori et al. 2021,0.55
0.08542213500000001,0.0880061,mass_spec_phi_M,95%,Mori et al. 2021,0.56
0.085814275,0.08757001249999999,mass_spec_phi_M,75%,Mori et al. 2021,0.56
0.08646356250000001,0.08693713750000001,mass_spec_phi_M,25%,Mori et al. 2021,0.56
0.08669995,0.08669995,mass_spec_phi_M,median,Mori et al. 2021,0.56
0.032449280000000004,0.03342043,mass_spec_phi_M,95%,Mori et al. 2021,0.6817841120261757
0.032597775,0.0332582125,mass_spec_phi_M,75%,Mori et al. 2021,0.6817841120261757
0.0328370625,0.0330178,mass_spec_phi_M,25%,Mori et al. 2021,0.6817841120261757
0.0329294,0.0329294,mass_spec_phi_M,median,Mori et al. 2021,0.6817841120261757
0.17281245,0.17797415,mass_spec_phi_M,95%,Mori et al. 2021,0.69
0.173594,0.177115,mass_spec_phi_M,75%,Mori et al. 2021,0.69
0.174875625,0.175837375,mass_spec_phi_M,25%,Mori et al. 2021,0.69
0.175362,0.175362,mass_spec_phi_M,median,Mori et al. 2021,0.69
0.037499689999999995,0.038624125,mass_spec_phi_M,95%,Mori et al. 2021,0.71
0.0376724,0.0384374,mass_spec_phi_M,75%,Mori et al. 2021,0.71
0.03795,0.0381601375,mass_spec_phi_M,25%,Mori et al. 2021,0.71
0.0380562,0.0380562,mass_spec_phi_M,median,Mori et al. 2021,0.71
0.0356899,0.036760745,mass_spec_phi_M,95%,Mori et al. 2021,0.72
0.0358536875,0.0365826125,mass_spec_phi_M,75%,Mori et al. 2021,0.72
0.0361192,0.0363179375,mass_spec_phi_M,25%,Mori et al. 2021,0.72
0.03621885,0.03621885,mass_spec_phi_M,median,Mori et al. 2021,0.72
0.0271941,0.028017625,mass_spec_phi_M,95%,Mori et al. 2021,0.7701635339554948
0.0273196875,0.0278787375,mass_spec_phi_M,75%,Mori et al. 2021,0.7701635339554948
0.0275242625,0.0276759375,mass_spec_phi_M,25%,Mori et al. 2021,0.7701635339554948
0.0276011,0.0276011,mass_spec_phi_M,median,Mori et al. 2021,0.7701635339554948
0.028032190000000002,0.028890614999999998,mass_spec_phi_M,95%,Mori et al. 2021,0.81
0.0281637875,0.0287462,mass_spec_phi_M,75%,Mori et al. 2021,0.81
0.0283767625,0.028535175,mass_spec_phi_M,25%,Mori et al. 2021,0.81
0.028458650000000002,0.028458650000000002,mass_spec_phi_M,median,Mori et al. 2021,0.81
0.02578469,0.026579415,mass_spec_phi_M,95%,Mori et al. 2021,0.8317766166719343
0.0259058875,0.0264456,mass_spec_phi_M,75%,Mori et al. 2021,0.8317766166719343
0.026101025,0.0262492,mass_spec_phi_M,25%,Mori et al. 2021,0.8317766166719343
0.0261779,0.0261779,mass_spec_phi_M,median,Mori et al. 2021,0.8317766166719343
0.02528479,0.026068905,mass_spec_phi_M,95%,Mori et al. 2021,0.8487516496652392
0.0254032,0.025937612500000002,mass_spec_phi_M,75%,Mori et al. 2021,0.8487516496652392
0.0255965625,0.0257418375,mass_spec_phi_M,25%,Mori et al. 2021,0.8487516496652392
0.02567145,0.02567145,mass_spec_phi_M,median,Mori et al. 2021,0.8487516496652392
0.024998365,0.025795,mass_spec_phi_M,95%,Mori et al. 2021,0.9041050181216675
0.0251197,0.025664325,mass_spec_phi_M,75%,Mori et al. 2021,0.9041050181216675
0.025315262499999998,0.0254645,mass_spec_phi_M,25%,Mori et al. 2021,0.9041050181216675
0.0253907,0.0253907,mass_spec_phi_M,median,Mori et al. 2021,0.9041050181216675
0.020203395,0.02095811,mass_spec_phi_M,95%,Mori et al. 2021,1.1240224549620734
0.0203198,0.020836050000000002,mass_spec_phi_M,75%,Mori et al. 2021,1.1240224549620734
0.020503,0.0206459,mass_spec_phi_M,25%,Mori et al. 2021,1.1240224549620734
0.02057535,0.02057535,mass_spec_phi_M,median,Mori et al. 2021,1.1240224549620734
0.061260185,0.06337016499999999,mass_spec_phi_M,95%,Peebo et al. 2015,0.21
0.061591824999999996,0.0630460625,mass_spec_phi_M,75%,Peebo et al. 2015,0.21
0.0621172625,0.062507675,mass_spec_phi_M,25%,Peebo et al. 2015,0.21
0.06230385,0.06230385,mass_spec_phi_M,median,Peebo et al. 2015,0.21
0.05502307,0.05690861,mass_spec_phi_M,95%,Peebo et al. 2015,0.22
0.055318475,0.0566183,mass_spec_phi_M,75%,Peebo et al. 2015,0.22
0.0557876,0.0561367375,mass_spec_phi_M,25%,Peebo et al. 2015,0.22
0.0559535,0.0559535,mass_spec_phi_M,median,Peebo et al. 2015,0.22
0.057617,0.05956784,mass_spec_phi_M,95%,Peebo et al. 2015,0.25
0.0579248625,0.0592647125,mass_spec_phi_M,75%,Peebo et al. 2015,0.25
0.058405162499999996,0.058769049999999996,mass_spec_phi_M,25%,Peebo et al. 2015,0.25
0.0585798,0.0585798,mass_spec_phi_M,median,Peebo et al. 2015,0.25
0.05234894,0.05411548,mass_spec_phi_M,95%,Peebo et al. 2015,0.26
0.052626362499999996,0.0538396,mass_spec_phi_M,75%,Peebo et al. 2015,0.26
0.0530624,0.05339135,mass_spec_phi_M,25%,Peebo et al. 2015,0.26
0.0532193,0.0532193,mass_spec_phi_M,median,Peebo et al. 2015,0.26
0.05459908,0.0563991,mass_spec_phi_M,95%,Peebo et al. 2015,0.31
0.054874175,0.05610995,mass_spec_phi_M,75%,Peebo et al. 2015,0.31
0.0553228625,0.0556532375,mass_spec_phi_M,25%,Peebo et al. 2015,0.31
0.05548145,0.05548145,mass_spec_phi_M,median,Peebo et al. 2015,0.31
0.056737685,0.05858183,mass_spec_phi_M,95%,Peebo et al. 2015,0.35
0.0570214,0.0582824375,mass_spec_phi_M,75%,Peebo et al. 2015,0.35
0.057481662499999996,0.0578197375,mass_spec_phi_M,25%,Peebo et al. 2015,0.35
0.05764295,0.05764295,mass_spec_phi_M,median,Peebo et al. 2015,0.35
0.04380288,0.045222525,mass_spec_phi_M,95%,Peebo et al. 2015,0.36
0.0440239,0.0449892125,mass_spec_phi_M,75%,Peebo et al. 2015,0.36
0.0443777625,0.0446368875,mass_spec_phi_M,25%,Peebo et al. 2015,0.36
0.0445009,0.0445009,mass_spec_phi_M,median,Peebo et al. 2015,0.36
0.037934564999999996,0.03913084,mass_spec_phi_M,95%,Peebo et al. 2015,0.41
0.038114125,0.0389346,mass_spec_phi_M,75%,Peebo et al. 2015,0.41
0.0384154625,0.038636675,mass_spec_phi_M,25%,Peebo et al. 2015,0.41
0.038523,0.038523,mass_spec_phi_M,median,Peebo et al. 2015,0.41
0.05792939,0.059752155,mass_spec_phi_M,95%,Peebo et al. 2015,0.42
0.058205075,0.0594490375,mass_spec_phi_M,75%,Peebo et al. 2015,0.42
0.058661825,0.0589986,mass_spec_phi_M,25%,Peebo et al. 2015,0.42
0.05882665,0.05882665,mass_spec_phi_M,median,Peebo et al. 2015,0.42
0.04982545,0.05137391,mass_spec_phi_M,95%,Peebo et al. 2015,0.45
0.0500583,0.0511169125,mass_spec_phi_M,75%,Peebo et al. 2015,0.45
0.050446162499999996,0.0507316,mass_spec_phi_M,25%,Peebo et al. 2015,0.45
0.05058675,0.05058675,mass_spec_phi_M,median,Peebo et al. 2015,0.45
0.03175,0.032734815,mass_spec_phi_M,95%,Peebo et al. 2015,0.46
0.0318986,0.0325703,mass_spec_phi_M,75%,Peebo et al. 2015,0.46
0.0321444875,0.0323261,mass_spec_phi_M,25%,Peebo et al. 2015,0.46
0.0322333,0.0322333,mass_spec_phi_M,median,Peebo et al. 2015,0.46
0.02761087,0.028453955,mass_spec_phi_M,95%,Peebo et al. 2015,0.51
0.027737575,0.0283116125,mass_spec_phi_M,75%,Peebo et al. 2015,0.51
0.0279503625,0.02810425,mass_spec_phi_M,25%,Peebo et al. 2015,0.51
0.02802635,0.02802635,mass_spec_phi_M,median,Peebo et al. 2015,0.51
0.042363595000000004,0.043656719999999996,mass_spec_phi_M,95%,Peebo et al. 2015,0.53
0.042556875,0.043433,mass_spec_phi_M,75%,Peebo et al. 2015,0.53
0.0428832875,0.0431181,mass_spec_phi_M,25%,Peebo et al. 2015,0.53
0.042998999999999996,0.042998999999999996,mass_spec_phi_M,median,Peebo et al. 2015,0.53
0.039467775,0.040664605,mass_spec_phi_M,95%,Peebo et al. 2015,0.55
0.0396486875,0.040460512500000004,mass_spec_phi_M,75%,Peebo et al. 2015,0.55
0.039950362499999996,0.0401677125,mass_spec_phi_M,25%,Peebo et al. 2015,0.55
0.0400586,0.0400586,mass_spec_phi_M,median,Peebo et al. 2015,0.55
0.043984180000000005,0.045300225,mass_spec_phi_M,95%,Peebo et al. 2015,0.63
0.044183775,0.045078650000000005,mass_spec_phi_M,75%,Peebo et al. 2015,0.63
0.0445098,0.044753337500000004,mass_spec_phi_M,25%,Peebo et al. 2015,0.63
0.0446336,0.0446336,mass_spec_phi_M,median,Peebo et al. 2015,0.63
0.037846160000000004,0.03898154,mass_spec_phi_M,95%,Peebo et al. 2015,0.65
0.0380212875,0.0387903,mass_spec_phi_M,75%,Peebo et al. 2015,0.65
0.038300324999999996,0.0385099,mass_spec_phi_M,25%,Peebo et al. 2015,0.65
0.038407449999999996,0.038407449999999996,mass_spec_phi_M,median,Peebo et al. 2015,0.65
0.054898385,0.05654633,mass_spec_phi_M,95%,Peebo et al. 2015,0.73
0.0551482875,0.0562716,mass_spec_phi_M,75%,Peebo et al. 2015,0.73
0.055558424999999995,0.055862475,mass_spec_phi_M,25%,Peebo et al. 2015,0.73
0.055711750000000004,0.055711750000000004,mass_spec_phi_M,median,Peebo et al. 2015,0.73
0.03453002,0.035568459999999996,mass_spec_phi_M,95%,Peebo et al. 2015,0.74
0.0346882875,0.0353953125,mass_spec_phi_M,75%,Peebo et al. 2015,0.74
0.034947,0.0351379375,mass_spec_phi_M,25%,Peebo et al. 2015,0.74
0.03504335,0.03504335,mass_spec_phi_M,median,Peebo et al. 2015,0.74
0.02803599,0.028885374999999998,mass_spec_phi_M,95%,Peebo et al. 2015,0.78
0.0281658375,0.0287443,mass_spec_phi_M,75%,Peebo et al. 2015,0.78
0.028376925,0.0285334,mass_spec_phi_M,25%,Peebo et al. 2015,0.78
0.02845785,0.02845785,mass_spec_phi_M,median,Peebo et al. 2015,0.78
0.0122103,0.012585105,mass_spec_phi_M,95%,Peebo et al. 2015,0.82
0.0122675,0.0125219,mass_spec_phi_M,75%,Peebo et al. 2015,0.82
0.0123602,0.0124298375,mass_spec_phi_M,25%,Peebo et al. 2015,0.82
0.012396,0.012396,mass_spec_phi_M,median,Peebo et al. 2015,0.82
0.060703309999999996,0.062884115,mass_spec_phi_M,95%,Schmidt et al. 2016,0.12
0.061039375,0.06255585,mass_spec_phi_M,75%,Schmidt et al. 2016,0.12
0.0615846625,0.061981112500000005,mass_spec_phi_M,25%,Schmidt et al. 2016,0.12
0.06177795,0.06177795,mass_spec_phi_M,median,Schmidt et al. 2016,0.12
0.06234402,0.06449941,mass_spec_phi_M,95%,Schmidt et al. 2016,0.2
0.062681675,0.0641690875,mass_spec_phi_M,75%,Schmidt et al. 2016,0.2
0.063220125,0.06361915,mass_spec_phi_M,25%,Schmidt et al. 2016,0.2
0.0634118,0.0634118,mass_spec_phi_M,median,Schmidt et al. 2016,0.2
0.071782925,0.07420531,mass_spec_phi_M,95%,Schmidt et al. 2016,0.26
0.07216335,0.073827,mass_spec_phi_M,75%,Schmidt et al. 2016,0.26
0.0727612625,0.0732123875,mass_spec_phi_M,25%,Schmidt et al. 2016,0.26
0.0729764,0.0729764,mass_spec_phi_M,median,Schmidt et al. 2016,0.26
0.04397119,0.04542822,mass_spec_phi_M,95%,Schmidt et al. 2016,0.3
0.0441951,0.0451948375,mass_spec_phi_M,75%,Schmidt et al. 2016,0.3
0.0445563,0.0448236375,mass_spec_phi_M,25%,Schmidt et al. 2016,0.3
0.04468485,0.04468485,mass_spec_phi_M,median,Schmidt et al. 2016,0.3
0.057888185,0.05976973,mass_spec_phi_M,95%,Schmidt et al. 2016,0.35
0.0581777,0.0594642375,mass_spec_phi_M,75%,Schmidt et al. 2016,0.35
0.0586472625,0.0589922,mass_spec_phi_M,25%,Schmidt et al. 2016,0.35
0.0588118,0.0588118,mass_spec_phi_M,median,Schmidt et al. 2016,0.35
0.04747426,0.04897657,mass_spec_phi_M,95%,Schmidt et al. 2016,0.4
0.047699525,0.0487293875,mass_spec_phi_M,75%,Schmidt et al. 2016,0.4
0.048078125,0.048355487499999995,mass_spec_phi_M,25%,Schmidt et al. 2016,0.4
0.0482123,0.0482123,mass_spec_phi_M,median,Schmidt et al. 2016,0.4
0.052721995,0.054380950000000004,mass_spec_phi_M,95%,Schmidt et al. 2016,0.42
0.052972975,0.054105137500000004,mass_spec_phi_M,75%,Schmidt et al. 2016,0.42
0.053388662499999996,0.0536951,mass_spec_phi_M,25%,Schmidt et al. 2016,0.42
0.05353865,0.05353865,mass_spec_phi_M,median,Schmidt et al. 2016,0.42
0.0498794,0.051437304999999996,mass_spec_phi_M,95%,Schmidt et al. 2016,0.44
0.0501137875,0.051176675000000005,mass_spec_phi_M,75%,Schmidt et al. 2016,0.44
0.050505062499999996,0.0507906375,mass_spec_phi_M,25%,Schmidt et al. 2016,0.44
0.05064515,0.05064515,mass_spec_phi_M,median,Schmidt et al. 2016,0.44
0.0462467,0.047681315,mass_spec_phi_M,95%,Schmidt et al. 2016,0.46
0.0464632,0.047441637499999995,mass_spec_phi_M,75%,Schmidt et al. 2016,0.46
0.046821312500000004,0.0470858,mass_spec_phi_M,25%,Schmidt et al. 2016,0.46
0.0469507,0.0469507,mass_spec_phi_M,median,Schmidt et al. 2016,0.46
0.044894775,0.04628065,mass_spec_phi_M,95%,Schmidt et al. 2016,0.47
0.0451031875,0.046050125,mass_spec_phi_M,75%,Schmidt et al. 2016,0.47
0.0454511,0.0457062,mass_spec_phi_M,25%,Schmidt et al. 2016,0.47
0.045576149999999996,0.045576149999999996,mass_spec_phi_M,median,Schmidt et al. 2016,0.47
0.051939675,0.053543155,mass_spec_phi_M,95%,Schmidt et al. 2016,0.47
0.0521808875,0.0532763375,mass_spec_phi_M,75%,Schmidt et al. 2016,0.47
0.0525833625,0.0528785,mass_spec_phi_M,25%,Schmidt et al. 2016,0.47
0.052727949999999996,0.052727949999999996,mass_spec_phi_M,median,Schmidt et al. 2016,0.47
0.043606795000000004,0.0449444,mass_spec_phi_M,95%,Schmidt et al. 2016,0.5
0.0438075875,0.0447174,mass_spec_phi_M,75%,Schmidt et al. 2016,0.5
0.0441444625,0.044389437500000004,mass_spec_phi_M,25%,Schmidt et al. 2016,0.5
0.04426505,0.04426505,mass_spec_phi_M,median,Schmidt et al. 2016,0.5
0.041814370000000003,0.04308231,mass_spec_phi_M,95%,Schmidt et al. 2016,0.55
0.042006,0.0428661125,mass_spec_phi_M,75%,Schmidt et al. 2016,0.55
0.0423256,0.0425559125,mass_spec_phi_M,25%,Schmidt et al. 2016,0.55
0.0424403,0.0424403,mass_spec_phi_M,median,Schmidt et al. 2016,0.55
0.03149498,0.032450105,mass_spec_phi_M,95%,Schmidt et al. 2016,0.55
0.0316394,0.0322872125,mass_spec_phi_M,75%,Schmidt et al. 2016,0.55
0.0318801,0.032053575,mass_spec_phi_M,25%,Schmidt et al. 2016,0.55
0.0319665,0.0319665,mass_spec_phi_M,median,Schmidt et al. 2016,0.55
0.033979095,0.03500292,mass_spec_phi_M,95%,Schmidt et al. 2016,0.58
0.0341347875,0.0348309625,mass_spec_phi_M,75%,Schmidt et al. 2016,0.58
0.0343908625,0.0345785375,mass_spec_phi_M,25%,Schmidt et al. 2016,0.58
0.0344833,0.0344833,mass_spec_phi_M,median,Schmidt et al. 2016,0.58
0.04498818,0.046334325,mass_spec_phi_M,95%,Schmidt et al. 2016,0.63
0.045192375,0.04610765,mass_spec_phi_M,75%,Schmidt et al. 2016,0.63
0.0455258625,0.045775,mass_spec_phi_M,25%,Schmidt et al. 2016,0.63
0.0456525,0.0456525,mass_spec_phi_M,median,Schmidt et al. 2016,0.63
0.03468496,0.035725535,mass_spec_phi_M,95%,Schmidt et al. 2016,0.65
0.0348454875,0.0355502125,mass_spec_phi_M,75%,Schmidt et al. 2016,0.65
0.0351011625,0.0352932,mass_spec_phi_M,25%,Schmidt et al. 2016,0.65
0.035199350000000004,0.035199350000000004,mass_spec_phi_M,median,Schmidt et al. 2016,0.65
0.029668085,0.030558725000000002,mass_spec_phi_M,95%,Schmidt et al. 2016,0.66
0.029805075,0.0304092,mass_spec_phi_M,75%,Schmidt et al. 2016,0.66
0.0300247,0.0301887375,mass_spec_phi_M,25%,Schmidt et al. 2016,0.66
0.030108450000000002,0.030108450000000002,mass_spec_phi_M,median,Schmidt et al. 2016,0.66
0.029757985,0.03101741,mass_spec_phi_M,95%,Schmidt et al. 2016,1.27
0.029953262499999998,0.03082095,mass_spec_phi_M,75%,Schmidt et al. 2016,1.27
0.030259962499999998,0.03050095,mass_spec_phi_M,25%,Schmidt et al. 2016,1.27
0.03038005,0.03038005,mass_spec_phi_M,median,Schmidt et al. 2016,1.27
0.016473369999999998,0.017769625,mass_spec_phi_M,95%,Schmidt et al. 2016,1.9
0.0166675875,0.0175653375,mass_spec_phi_M,75%,Schmidt et al. 2016,1.9
0.0169894,0.0172345,mass_spec_phi_M,25%,Schmidt et al. 2016,1.9
0.0171137,0.0171137,mass_spec_phi_M,median,Schmidt et al. 2016,1.9
0.04863963,0.050095114999999996,mass_spec_phi_M,95%,Soufi et al. 2015,0.6931471805599453
0.048863225,0.0498538375,mass_spec_phi_M,75%,Soufi et al. 2015,0.6931471805599453
0.0492236,0.049493875,mass_spec_phi_M,25%,Soufi et al. 2015,0.6931471805599453
0.04936055,0.04936055,mass_spec_phi_M,median,Soufi et al. 2015,0.6931471805599453
0.08463302,0.087693425,mass_spec_phi_M,95%,Valgepea et al. 2013,0.11
0.0851015,0.08722954999999999,mass_spec_phi_M,75%,Valgepea et al. 2013,0.11
0.08586568750000001,0.0864252,mass_spec_phi_M,25%,Valgepea et al. 2013,0.11
0.0861392,0.0861392,mass_spec_phi_M,median,Valgepea et al. 2013,0.11
0.07272478,0.07522958,mass_spec_phi_M,95%,Valgepea et al. 2013,0.21
0.07311841250000001,0.074844875,mass_spec_phi_M,75%,Valgepea et al. 2013,0.21
0.07374226249999999,0.07420571249999999,mass_spec_phi_M,25%,Valgepea et al. 2013,0.21
0.07396375,0.07396375,mass_spec_phi_M,median,Valgepea et al. 2013,0.21
0.06497527,0.0671173,mass_spec_phi_M,95%,Valgepea et al. 2013,0.31
0.0653025625,0.06677325,mass_spec_phi_M,75%,Valgepea et al. 2013,0.31
0.0658365625,0.0662296375,mass_spec_phi_M,25%,Valgepea et al. 2013,0.31
0.06602525000000001,0.06602525000000001,mass_spec_phi_M,median,Valgepea et al. 2013,0.31
0.056959855000000004,0.05876229,mass_spec_phi_M,95%,Valgepea et al. 2013,0.4
0.057230199999999995,0.0584658125,mass_spec_phi_M,75%,Valgepea et al. 2013,0.4
0.057684387499999996,0.058017125,mass_spec_phi_M,25%,Valgepea et al. 2013,0.4
0.057845400000000005,0.057845400000000005,mass_spec_phi_M,median,Valgepea et al. 2013,0.4
0.051000195000000005,0.05256441,mass_spec_phi_M,95%,Valgepea et al. 2013,0.49
0.0512353625,0.0523034125,mass_spec_phi_M,75%,Valgepea et al. 2013,0.49
0.0516302,0.051916975000000004,mass_spec_phi_M,25%,Valgepea et al. 2013,0.49
0.0517708,0.0517708,mass_spec_phi_M,median,Valgepea et al. 2013,0.49
6.0376769999999995,6.4161375,mass_spec_sav,95%,Caglar et al. 2017,0.6630116912775283
6.09442625,6.3235225,mass_spec_sav,75%,Caglar et al. 2017,0.6630116912775283
6.16452625,6.22183375,mass_spec_sav,25%,Caglar et al. 2017,0.6630116912775283
6.19187,6.19187,mass_spec_sav,median,Caglar et al. 2017,0.6630116912775283
5.9099785,6.25895,mass_spec_sav,95%,Caglar et al. 2017,0.7747553284413429
5.960677499999999,6.172007499999999,mass_spec_sav,75%,Caglar et al. 2017,0.7747553284413429
6.0259425,6.078425,mass_spec_sav,25%,Caglar et al. 2017,0.7747553284413429
6.05103,6.05103,mass_spec_sav,median,Caglar et al. 2017,0.7747553284413429
5.951124,6.3071209999999995,mass_spec_sav,95%,Li et al. 2014,0.738700370046123
6.00408625,6.2214625,mass_spec_sav,75%,Li et al. 2014,0.738700370046123
6.070685,6.1244075,mass_spec_sav,25%,Li et al. 2014,0.738700370046123
6.09588,6.09588,mass_spec_sav,median,Li et al. 2014,0.738700370046123
4.786773500000001,5.297151,mass_spec_sav,95%,Li et al. 2014,1.5693898427772346
4.89800125,5.19944625,mass_spec_sav,75%,Li et al. 2014,1.5693898427772346
5.0201062499999995,5.08874625,mass_spec_sav,25%,Li et al. 2014,1.5693898427772346
5.054755,5.054755,mass_spec_sav,median,Li et al. 2014,1.5693898427772346
4.2123535,4.915696499999999,mass_spec_sav,95%,Li et al. 2014,1.934364224818452
4.3733137499999994,4.7883562500000005,mass_spec_sav,75%,Li et al. 2014,1.934364224818452
4.547355,4.6468825,mass_spec_sav,25%,Li et al. 2014,1.934364224818452
4.59718,4.59718,mass_spec_sav,median,Li et al. 2014,1.934364224818452
6.399576,6.912088,mass_spec_sav,95%,Mori et al. 2021,0.33
6.4778825,6.7914425,mass_spec_sav,75%,Mori et al. 2021,0.33
6.57292875,6.65243625,mass_spec_sav,25%,Mori et al. 2021,0.33
6.61031,6.61031,mass_spec_sav,median,Mori et al. 2021,0.33
6.388243500000001,6.897241999999999,mass_spec_sav,95%,Mori et al. 2021,0.34
6.466891250000001,6.77688,mass_spec_sav,75%,Mori et al. 2021,0.34
6.56067625,6.639465,mass_spec_sav,25%,Mori et al. 2021,0.34
6.59785,6.59785,mass_spec_sav,median,Mori et al. 2021,0.34
6.377869,6.882893999999999,mass_spec_sav,95%,Mori et al. 2021,0.35
6.4556450000000005,6.76217375,mass_spec_sav,75%,Mori et al. 2021,0.35
6.54853625,6.62649875,mass_spec_sav,25%,Mori et al. 2021,0.35
6.585240000000001,6.585240000000001,mass_spec_sav,median,Mori et al. 2021,0.35
6.23913,6.6842049999999995,mass_spec_sav,95%,Mori et al. 2021,0.48
6.3071062499999995,6.5774225,mass_spec_sav,75%,Mori et al. 2021,0.48
6.39021125,6.4582774999999994,mass_spec_sav,25%,Mori et al. 2021,0.48
6.422715,6.422715,mass_spec_sav,median,Mori et al. 2021,0.48
6.228768,6.669801499999999,mass_spec_sav,95%,Mori et al. 2021,0.4892803627481966
6.29644625,6.56410875,mass_spec_sav,75%,Mori et al. 2021,0.4892803627481966
6.3785925,6.44645375,mass_spec_sav,25%,Mori et al. 2021,0.4892803627481966
6.4110499999999995,6.4110499999999995,mass_spec_sav,median,Mori et al. 2021,0.4892803627481966
6.2280705,6.6687255,mass_spec_sav,95%,Mori et al. 2021,0.49
6.29554625,6.56315875,mass_spec_sav,75%,Mori et al. 2021,0.49
6.37771875,6.44552875,mass_spec_sav,25%,Mori et al. 2021,0.49
6.41018,6.41018,mass_spec_sav,median,Mori et al. 2021,0.49
6.2174815,6.6542005,mass_spec_sav,95%,Mori et al. 2021,0.5
6.284105,6.549295,mass_spec_sav,75%,Mori et al. 2021,0.5
6.36524875,6.432637499999999,mass_spec_sav,25%,Mori et al. 2021,0.5
6.3977,6.3977,mass_spec_sav,median,Mori et al. 2021,0.5
6.2164909999999995,6.6526755,mass_spec_sav,95%,Mori et al. 2021,0.5010702510071894
6.2828275,6.54794125,mass_spec_sav,75%,Mori et al. 2021,0.5010702510071894
6.364005,6.4312137499999995,mass_spec_sav,25%,Mori et al. 2021,0.5010702510071894
6.396365,6.396365,mass_spec_sav,median,Mori et al. 2021,0.5010702510071894
6.163559500000001,6.579524999999999,mass_spec_sav,95%,Mori et al. 2021,0.55
6.22637875,6.4807137500000005,mass_spec_sav,75%,Mori et al. 2021,0.55
6.30335625,6.3675887499999995,mass_spec_sav,25%,Mori et al. 2021,0.55
6.334435,6.334435,mass_spec_sav,median,Mori et al. 2021,0.55
6.1519385,6.565014,mass_spec_sav,95%,Mori et al. 2021,0.56
6.21465,6.466353750000001,mass_spec_sav,75%,Mori et al. 2021,0.56
6.29112,6.3545475,mass_spec_sav,25%,Mori et al. 2021,0.56
6.32209,6.32209,mass_spec_sav,median,Mori et al. 2021,0.56
6.0153975,6.388814,mass_spec_sav,95%,Mori et al. 2021,0.6817841120261757
6.07191875,6.29899625,mass_spec_sav,75%,Mori et al. 2021,0.6817841120261757
6.14125,6.19782125,mass_spec_sav,25%,Mori et al. 2021,0.6817841120261757
6.16791,6.16791,mass_spec_sav,median,Mori et al. 2021,0.6817841120261757
6.006588,6.3768505,mass_spec_sav,95%,Mori et al. 2021,0.69
6.06181,6.28782,mass_spec_sav,75%,Mori et al. 2021,0.69
6.1312025000000006,6.18738125,mass_spec_sav,25%,Mori et al. 2021,0.69
6.1574349999999995,6.1574349999999995,mass_spec_sav,median,Mori et al. 2021,0.69
5.984544499999999,6.3476064999999995,mass_spec_sav,95%,Mori et al. 2021,0.71
6.0381175,6.26129375,mass_spec_sav,75%,Mori et al. 2021,0.71
6.10647125,6.161535,mass_spec_sav,25%,Mori et al. 2021,0.71
6.13213,6.13213,mass_spec_sav,median,Mori et al. 2021,0.71
5.972954499999999,6.3324135,mass_spec_sav,95%,Mori et al. 2021,0.72
6.02618125,6.247177499999999,mass_spec_sav,75%,Mori et al. 2021,0.72
6.09414,6.148573750000001,mass_spec_sav,25%,Mori et al. 2021,0.72
6.11936,6.11936,mass_spec_sav,median,Mori et al. 2021,0.72
5.915547999999999,6.2652915,mass_spec_sav,95%,Mori et al. 2021,0.7701635339554948
5.9663725,6.178542500000001,mass_spec_sav,75%,Mori et al. 2021,0.7701635339554948
6.03157,6.08433125,mass_spec_sav,25%,Mori et al. 2021,0.7701635339554948
6.05677,6.05677,mass_spec_sav,median,Mori et al. 2021,0.7701635339554948
5.8688575,6.2099614999999995,mass_spec_sav,95%,Mori et al. 2021,0.81
5.91815875,6.1254012499999995,mass_spec_sav,75%,Mori et al. 2021,0.81
5.9818662499999995,6.03331375,mass_spec_sav,25%,Mori et al. 2021,0.81
6.00655,6.00655,mass_spec_sav,median,Mori et al. 2021,0.81
5.8412755,6.180974,mass_spec_sav,95%,Mori et al. 2021,0.8317766166719343
5.89111875,6.0962749999999994,mass_spec_sav,75%,Mori et al. 2021,0.8317766166719343
5.95475,6.006075,mass_spec_sav,25%,Mori et al. 2021,0.8317766166719343
5.978865,5.978865,mass_spec_sav,median,Mori et al. 2021,0.8317766166719343
5.819644,6.1585005,mass_spec_sav,95%,Mori et al. 2021,0.8487516496652392
5.87063,6.074083750000001,mass_spec_sav,75%,Mori et al. 2021,0.8487516496652392
5.93374625,5.9845,mass_spec_sav,25%,Mori et al. 2021,0.8487516496652392
5.957555,5.957555,mass_spec_sav,median,Mori et al. 2021,0.8487516496652392
5.7496915,6.083257499999999,mass_spec_sav,95%,Mori et al. 2021,0.9041050181216675
5.801895,6.0017475,mass_spec_sav,75%,Mori et al. 2021,0.9041050181216675
5.86464125,5.9137075,mass_spec_sav,25%,Mori et al. 2021,0.9041050181216675
5.887805,5.887805,mass_spec_sav,median,Mori et al. 2021,0.9041050181216675
5.4472725,5.8036125,mass_spec_sav,95%,Mori et al. 2021,1.1240224549620734
5.519668749999999,5.72463125,mass_spec_sav,75%,Mori et al. 2021,1.1240224549620734
5.58839875,5.637543750000001,mass_spec_sav,25%,Mori et al. 2021,1.1240224549620734
5.612265,5.612265,mass_spec_sav,median,Mori et al. 2021,1.1240224549620734
6.524294500000001,7.0967925,mass_spec_sav,95%,Peebo et al. 2015,0.21
6.61349875,6.96298625,mass_spec_sav,75%,Peebo et al. 2015,0.21
6.7181612500000005,6.8076525,mass_spec_sav,25%,Peebo et al. 2015,0.21
6.761755,6.761755,mass_spec_sav,median,Peebo et al. 2015,0.21
6.514514,7.081028999999999,mass_spec_sav,95%,Peebo et al. 2015,0.22
6.60230625,6.94901,mass_spec_sav,75%,Peebo et al. 2015,0.22
6.7060325,6.794991250000001,mass_spec_sav,25%,Peebo et al. 2015,0.22
6.749280000000001,6.749280000000001,mass_spec_sav,median,Peebo et al. 2015,0.22
6.484419,7.034493,mass_spec_sav,95%,Peebo et al. 2015,0.25
6.56878625,6.90567625,mass_spec_sav,75%,Peebo et al. 2015,0.25
6.66956625,6.75620125,mass_spec_sav,25%,Peebo et al. 2015,0.25
6.71134,6.71134,mass_spec_sav,median,Peebo et al. 2015,0.25
6.4737765,7.0184074999999995,mass_spec_sav,95%,Peebo et al. 2015,0.26
6.5574650000000005,6.89108875,mass_spec_sav,75%,Peebo et al. 2015,0.26
6.65757625,6.74337875,mass_spec_sav,25%,Peebo et al. 2015,0.26
6.698425,6.698425,mass_spec_sav,median,Peebo et al. 2015,0.26
6.4205315,6.941616,mass_spec_sav,95%,Peebo et al. 2015,0.31
6.5011287499999995,6.81855875,mass_spec_sav,75%,Peebo et al. 2015,0.31
6.59713875,6.67844375,mass_spec_sav,25%,Peebo et al. 2015,0.31
6.6353349999999995,6.6353349999999995,mass_spec_sav,median,Peebo et al. 2015,0.31
6.377869,6.882893999999999,mass_spec_sav,95%,Peebo et al. 2015,0.35
6.4556450000000005,6.76217375,mass_spec_sav,75%,Peebo et al. 2015,0.35
6.54853625,6.62649875,mass_spec_sav,25%,Peebo et al. 2015,0.35
6.585240000000001,6.585240000000001,mass_spec_sav,median,Peebo et al. 2015,0.35
6.367022,6.868283,mass_spec_sav,95%,Peebo et al. 2015,0.36
6.44429875,6.74773125,mass_spec_sav,75%,Peebo et al. 2015,0.36
6.53653875,6.6133637499999995,mass_spec_sav,25%,Peebo et al. 2015,0.36
6.572665000000001,6.572665000000001,mass_spec_sav,median,Peebo et al. 2015,0.36
6.3144755,6.7921995,mass_spec_sav,95%,Peebo et al. 2015,0.41
6.3869425,6.67773375,mass_spec_sav,75%,Peebo et al. 2015,0.41
6.47577625,6.5481875,mass_spec_sav,25%,Peebo et al. 2015,0.41
6.510445000000001,6.510445000000001,mass_spec_sav,median,Peebo et al. 2015,0.41
6.302502,6.7768605,mass_spec_sav,95%,Peebo et al. 2015,0.42
6.37524875,6.662845,mass_spec_sav,75%,Peebo et al. 2015,0.42
6.46383875,6.535425,mass_spec_sav,25%,Peebo et al. 2015,0.42
6.498035,6.498035,mass_spec_sav,median,Peebo et al. 2015,0.42
6.2708565,6.730244,mass_spec_sav,95%,Peebo et al. 2015,0.45
6.34129875,6.62031875,mass_spec_sav,75%,Peebo et al. 2015,0.45
6.4272025,6.496415,mass_spec_sav,25%,Peebo et al. 2015,0.45
6.460515,6.460515,mass_spec_sav,median,Peebo et al. 2015,0.45
6.2607455,6.7149095,mass_spec_sav,95%,Peebo et al. 2015,0.46
6.329935,6.60604625,mass_spec_sav,75%,Peebo et al. 2015,0.46
6.41522,6.483806250000001,mass_spec_sav,25%,Peebo et al. 2015,0.46
6.44772,6.44772,mass_spec_sav,median,Peebo et al. 2015,0.46
6.206352,6.63937,mass_spec_sav,95%,Peebo et al. 2015,0.51
6.2724625000000005,6.5358575000000005,mass_spec_sav,75%,Peebo et al. 2015,0.51
6.35300625,6.419637499999999,mass_spec_sav,25%,Peebo et al. 2015,0.51
6.3850750000000005,6.3850750000000005,mass_spec_sav,median,Peebo et al. 2015,0.51
6.185651,6.6100015,mass_spec_sav,95%,Peebo et al. 2015,0.53
6.249022500000001,6.5083725,mass_spec_sav,75%,Peebo et al. 2015,0.53
6.32817875,6.39362,mass_spec_sav,25%,Peebo et al. 2015,0.53
6.359745,6.359745,mass_spec_sav,median,Peebo et al. 2015,0.53
6.163559500000001,6.579524999999999,mass_spec_sav,95%,Peebo et al. 2015,0.55
6.22637875,6.4807137500000005,mass_spec_sav,75%,Peebo et al. 2015,0.55
6.30335625,6.3675887499999995,mass_spec_sav,25%,Peebo et al. 2015,0.55
6.334435,6.334435,mass_spec_sav,median,Peebo et al. 2015,0.55
6.075086000000001,6.463845,mass_spec_sav,95%,Peebo et al. 2015,0.63
6.1330225,6.3699325,mass_spec_sav,75%,Peebo et al. 2015,0.63
6.20545625,6.2642225,mass_spec_sav,25%,Peebo et al. 2015,0.63
6.233495,6.233495,mass_spec_sav,median,Peebo et al. 2015,0.63
6.051197,6.434856,mass_spec_sav,95%,Peebo et al. 2015,0.65
6.1094475,6.342301249999999,mass_spec_sav,75%,Peebo et al. 2015,0.65
6.180772500000001,6.23848375,mass_spec_sav,25%,Peebo et al. 2015,0.65
6.20818,6.20818,mass_spec_sav,median,Peebo et al. 2015,0.65
5.961197,6.318577,mass_spec_sav,95%,Peebo et al. 2015,0.73
6.0144,6.2332737499999995,mass_spec_sav,75%,Peebo et al. 2015,0.73
6.08167,6.1354875,mass_spec_sav,25%,Peebo et al. 2015,0.73
6.106745,6.106745,mass_spec_sav,median,Peebo et al. 2015,0.73
5.9495379999999995,6.3056905,mass_spec_sav,95%,Peebo et al. 2015,0.74
6.002420000000001,6.21960125,mass_spec_sav,75%,Peebo et al. 2015,0.74
6.0689675,6.122705,mass_spec_sav,25%,Peebo et al. 2015,0.74
6.094335,6.094335,mass_spec_sav,median,Peebo et al. 2015,0.74
5.9038185,6.2520685,mass_spec_sav,95%,Peebo et al. 2015,0.78
5.9542575,6.16507375,mass_spec_sav,75%,Peebo et al. 2015,0.78
6.01946625,6.07188375,mass_spec_sav,25%,Peebo et al. 2015,0.78
6.04444,6.04444,mass_spec_sav,median,Peebo et al. 2015,0.78
5.8559445,6.1965010000000005,mass_spec_sav,95%,Peebo et al. 2015,0.82
5.9056750000000005,6.1121,mass_spec_sav,75%,Peebo et al. 2015,0.82
5.96943,6.0209,mass_spec_sav,25%,Peebo et al. 2015,0.82
5.994070000000001,5.994070000000001,mass_spec_sav,median,Peebo et al. 2015,0.82
6.61772,7.23611,mass_spec_sav,95%,Schmidt et al. 2016,0.12
6.7142,7.09406,mass_spec_sav,75%,Schmidt et al. 2016,0.12
6.8278625,6.923767499999999,mass_spec_sav,25%,Schmidt et al. 2016,0.12
6.87449,6.87449,mass_spec_sav,median,Schmidt et al. 2016,0.12
6.533758499999999,7.1123835,mass_spec_sav,95%,Schmidt et al. 2016,0.2
6.6244700000000005,6.9774,mass_spec_sav,75%,Schmidt et al. 2016,0.2
6.73039,6.8206162500000005,mass_spec_sav,25%,Schmidt et al. 2016,0.2
6.77421,6.77421,mass_spec_sav,median,Schmidt et al. 2016,0.2
6.4737765,7.0184074999999995,mass_spec_sav,95%,Schmidt et al. 2016,0.26
6.5574650000000005,6.89108875,mass_spec_sav,75%,Schmidt et al. 2016,0.26
6.65757625,6.74337875,mass_spec_sav,25%,Schmidt et al. 2016,0.26
6.698425,6.698425,mass_spec_sav,median,Schmidt et al. 2016,0.26
6.429745,6.9562545,mass_spec_sav,95%,Schmidt et al. 2016,0.3
6.513061250000001,6.83295,mass_spec_sav,75%,Schmidt et al. 2016,0.3
6.6094675,6.6915562500000005,mass_spec_sav,25%,Schmidt et al. 2016,0.3
6.648085,6.648085,mass_spec_sav,median,Schmidt et al. 2016,0.3
6.377869,6.882893999999999,mass_spec_sav,95%,Schmidt et al. 2016,0.35
6.4556450000000005,6.76217375,mass_spec_sav,75%,Schmidt et al. 2016,0.35
6.54853625,6.62649875,mass_spec_sav,25%,Schmidt et al. 2016,0.35
6.585240000000001,6.585240000000001,mass_spec_sav,median,Schmidt et al. 2016,0.35
6.325426500000001,6.8067885,mass_spec_sav,95%,Schmidt et al. 2016,0.4
6.39802875,6.6920525,mass_spec_sav,75%,Schmidt et al. 2016,0.4
6.48800125,6.56134,mass_spec_sav,25%,Schmidt et al. 2016,0.4
6.5225,6.5225,mass_spec_sav,median,Schmidt et al. 2016,0.4
6.302502,6.7768605,mass_spec_sav,95%,Schmidt et al. 2016,0.42
6.37524875,6.662845,mass_spec_sav,75%,Schmidt et al. 2016,0.42
6.46383875,6.535425,mass_spec_sav,25%,Schmidt et al. 2016,0.42
6.498035,6.498035,mass_spec_sav,median,Schmidt et al. 2016,0.42
6.2803335,6.745303999999999,mass_spec_sav,95%,Schmidt et al. 2016,0.44
6.3524075,6.63486125,mass_spec_sav,75%,Schmidt et al. 2016,0.44
6.4395,6.509165,mass_spec_sav,25%,Schmidt et al. 2016,0.44
6.47319,6.47319,mass_spec_sav,median,Schmidt et al. 2016,0.44
6.2607455,6.7149095,mass_spec_sav,95%,Schmidt et al. 2016,0.46
6.329935,6.60604625,mass_spec_sav,75%,Schmidt et al. 2016,0.46
6.41522,6.483806250000001,mass_spec_sav,25%,Schmidt et al. 2016,0.46
6.44772,6.44772,mass_spec_sav,median,Schmidt et al. 2016,0.46
6.2493235,6.69926,mass_spec_sav,95%,Schmidt et al. 2016,0.47
6.31856875,6.5916825,mass_spec_sav,75%,Schmidt et al. 2016,0.47
6.40273,6.47105,mass_spec_sav,25%,Schmidt et al. 2016,0.47
6.435215,6.435215,mass_spec_sav,median,Schmidt et al. 2016,0.47
6.2493235,6.69926,mass_spec_sav,95%,Schmidt et al. 2016,0.47
6.31856875,6.5916825,mass_spec_sav,75%,Schmidt et al. 2016,0.47
6.40273,6.47105,mass_spec_sav,25%,Schmidt et al. 2016,0.47
6.435215,6.435215,mass_spec_sav,median,Schmidt et al. 2016,0.47
6.2174815,6.6542005,mass_spec_sav,95%,Schmidt et al. 2016,0.5
6.284105,6.549295,mass_spec_sav,75%,Schmidt et al. 2016,0.5
6.36524875,6.432637499999999,mass_spec_sav,25%,Schmidt et al. 2016,0.5
6.3977,6.3977,mass_spec_sav,median,Schmidt et al. 2016,0.5
6.163559500000001,6.579524999999999,mass_spec_sav,95%,Schmidt et al. 2016,0.55
6.22637875,6.4807137500000005,mass_spec_sav,75%,Schmidt et al. 2016,0.55
6.30335625,6.3675887499999995,mass_spec_sav,25%,Schmidt et al. 2016,0.55
6.334435,6.334435,mass_spec_sav,median,Schmidt et al. 2016,0.55
6.163559500000001,6.579524999999999,mass_spec_sav,95%,Schmidt et al. 2016,0.55
6.22637875,6.4807137500000005,mass_spec_sav,75%,Schmidt et al. 2016,0.55
6.30335625,6.3675887499999995,mass_spec_sav,25%,Schmidt et al. 2016,0.55
6.334435,6.334435,mass_spec_sav,median,Schmidt et al. 2016,0.55
6.1308774999999995,6.535135499999999,mass_spec_sav,95%,Schmidt et al. 2016,0.58
6.19110375,6.438165,mass_spec_sav,75%,Schmidt et al. 2016,0.58
6.26633,6.32860375,mass_spec_sav,25%,Schmidt et al. 2016,0.58
6.29659,6.29659,mass_spec_sav,median,Schmidt et al. 2016,0.58
6.075086000000001,6.463845,mass_spec_sav,95%,Schmidt et al. 2016,0.63
6.1330225,6.3699325,mass_spec_sav,75%,Schmidt et al. 2016,0.63
6.20545625,6.2642225,mass_spec_sav,25%,Schmidt et al. 2016,0.63
6.233495,6.233495,mass_spec_sav,median,Schmidt et al. 2016,0.63
6.051197,6.434856,mass_spec_sav,95%,Schmidt et al. 2016,0.65
6.1094475,6.342301249999999,mass_spec_sav,75%,Schmidt et al. 2016,0.65
6.180772500000001,6.23848375,mass_spec_sav,25%,Schmidt et al. 2016,0.65
6.20818,6.20818,mass_spec_sav,median,Schmidt et al. 2016,0.65
6.0406275,6.420934999999999,mass_spec_sav,95%,Schmidt et al. 2016,0.66
6.0979975,6.327753749999999,mass_spec_sav,75%,Schmidt et al. 2016,0.66
6.1683425000000005,6.2257774999999995,mass_spec_sav,25%,Schmidt et al. 2016,0.66
6.1957249999999995,6.1957249999999995,mass_spec_sav,median,Schmidt et al. 2016,0.66
5.2387880000000004,5.6318399999999995,mass_spec_sav,95%,Schmidt et al. 2016,1.27
5.3214375,5.5458625,mass_spec_sav,75%,Schmidt et al. 2016,1.27
5.40310625,5.4566,mass_spec_sav,25%,Schmidt et al. 2016,1.27
5.42988,5.42988,mass_spec_sav,median,Schmidt et al. 2016,1.27
4.266043,4.951694499999999,mass_spec_sav,95%,Schmidt et al. 2016,1.9
4.42370625,4.82735625,mass_spec_sav,75%,Schmidt et al. 2016,1.9
4.59216875,4.6879675,mass_spec_sav,25%,Schmidt et al. 2016,1.9
4.6406600000000005,4.6406600000000005,mass_spec_sav,median,Schmidt et al. 2016,1.9
6.003597999999999,6.3721855000000005,mass_spec_sav,95%,Soufi et al. 2015,0.6931471805599453
6.05835625,6.28370625,mass_spec_sav,75%,Soufi et al. 2015,0.6931471805599453
6.127212500000001,6.1833725,mass_spec_sav,25%,Soufi et al. 2015,0.6931471805599453
6.153465000000001,6.153465000000001,mass_spec_sav,median,Soufi et al. 2015,0.6931471805599453
6.628209,7.251164999999999,mass_spec_sav,95%,Valgepea et al. 2013,0.11
6.725155,7.1083125,mass_spec_sav,75%,Valgepea et al. 2013,0.11
6.84024875,6.936295,mass_spec_sav,25%,Valgepea et al. 2013,0.11
6.886915,6.886915,mass_spec_sav,median,Valgepea et al. 2013,0.11
6.524294500000001,7.0967925,mass_spec_sav,95%,Valgepea et al. 2013,0.21
6.61349875,6.96298625,mass_spec_sav,75%,Valgepea et al. 2013,0.21
6.7181612500000005,6.8076525,mass_spec_sav,25%,Valgepea et al. 2013,0.21
6.761755,6.761755,mass_spec_sav,median,Valgepea et al. 2013,0.21
6.4205315,6.941616,mass_spec_sav,95%,Valgepea et al. 2013,0.31
6.5011287499999995,6.81855875,mass_spec_sav,75%,Valgepea et al. 2013,0.31
6.59713875,6.67844375,mass_spec_sav,25%,Valgepea et al. 2013,0.31
6.6353349999999995,6.6353349999999995,mass_spec_sav,median,Valgepea et al. 2013,0.31
6.325426500000001,6.8067885,mass_spec_sav,95%,Valgepea et al. 2013,0.4
6.39802875,6.6920525,mass_spec_sav,75%,Valgepea et al. 2013,0.4
6.48800125,6.56134,mass_spec_sav,25%,Valgepea et al. 2013,0.4
6.5225,6.5225,mass_spec_sav,median,Valgepea et al. 2013,0.4
6.2280705,6.6687255,mass_spec_sav,95%,Valgepea et al. 2013,0.49
6.29554625,6.56315875,mass_spec_sav,75%,Valgepea et al. 2013,0.49
6.37771875,6.44552875,mass_spec_sav,25%,Valgepea et al. 2013,0.49
6.41018,6.41018,mass_spec_sav,median,Valgepea et al. 2013,0.49
0.70639215,0.75701555,mass_spec_widths,95%,Caglar et al. 2017,0.6630116912775283
0.717746125,0.74989325,mass_spec_widths,75%,Caglar et al. 2017,0.6630116912775283
0.731349625,0.739353375,mass_spec_widths,25%,Caglar et al. 2017,0.6630116912775283
0.7354385,0.7354385,mass_spec_widths,median,Caglar et al. 2017,0.6630116912775283
0.7290929500000001,0.7761685500000001,mass_spec_widths,95%,Caglar et al. 2017,0.7747553284413429
0.73946275,0.76914975,mass_spec_widths,75%,Caglar et al. 2017,0.7747553284413429
0.75185875,0.759442,mass_spec_widths,25%,Caglar et al. 2017,0.7747553284413429
0.7556895,0.7556895,mass_spec_widths,median,Caglar et al. 2017,0.7747553284413429
0.72184125,0.76984045,mass_spec_widths,95%,Li et al. 2014,0.738700370046123
0.732422875,0.76294425,mass_spec_widths,75%,Li et al. 2014,0.738700370046123
0.7452696249999999,0.753001375,mass_spec_widths,25%,Li et al. 2014,0.738700370046123
0.7492,0.7492,mass_spec_widths,median,Li et al. 2014,0.738700370046123
0.86532025,0.9400693999999999,mass_spec_widths,95%,Li et al. 2014,1.5693898427772346
0.877218125,0.924469,mass_spec_widths,75%,Li et al. 2014,1.5693898427772346
0.8934755,0.90538775,mass_spec_widths,25%,Li et al. 2014,1.5693898427772346
0.899314,0.899314,mass_spec_widths,median,Li et al. 2014,1.5693898427772346
0.9202008,1.022071,mass_spec_widths,95%,Li et al. 2014,1.934364224818452
0.93544525,1.000165,mass_spec_widths,75%,Li et al. 2014,1.934364224818452
0.95759,0.973752625,mass_spec_widths,25%,Li et al. 2014,1.934364224818452
0.96558,0.96558,mass_spec_widths,median,Li et al. 2014,1.934364224818452
0.6358053,0.70392025,mass_spec_widths,95%,Mori et al. 2021,0.33
0.6506115,0.694223125,mass_spec_widths,75%,Mori et al. 2021,0.33
0.6690326249999999,0.680463375,mass_spec_widths,25%,Mori et al. 2021,0.33
0.675006,0.675006,mass_spec_widths,median,Mori et al. 2021,0.33
0.6379406000000001,0.705434,mass_spec_widths,95%,Mori et al. 2021,0.34
0.65256975,0.69587325,mass_spec_widths,75%,Mori et al. 2021,0.34
0.670869875,0.6822423750000001,mass_spec_widths,25%,Mori et al. 2021,0.34
0.6768624999999999,0.6768624999999999,mass_spec_widths,median,Mori et al. 2021,0.34
0.6401282,0.7069195,mass_spec_widths,95%,Mori et al. 2021,0.35
0.654641875,0.69750775,mass_spec_widths,75%,Mori et al. 2021,0.35
0.672766625,0.68402775,mass_spec_widths,25%,Mori et al. 2021,0.35
0.6786605,0.6786605,mass_spec_widths,median,Mori et al. 2021,0.35
0.66813065,0.72741815,mass_spec_widths,95%,Mori et al. 2021,0.48
0.6812327499999999,0.718826,mass_spec_widths,75%,Mori et al. 2021,0.48
0.697250875,0.7070261250000001,mass_spec_widths,25%,Mori et al. 2021,0.48
0.702299,0.702299,mass_spec_widths,median,Mori et al. 2021,0.48
0.67003285,0.7288505,mass_spec_widths,95%,Mori et al. 2021,0.4892803627481966
0.683091125,0.720366,mass_spec_widths,75%,Mori et al. 2021,0.4892803627481966
0.699024,0.708669125,mass_spec_widths,25%,Mori et al. 2021,0.4892803627481966
0.703992,0.703992,mass_spec_widths,median,Mori et al. 2021,0.4892803627481966
0.67021805,0.7289412,mass_spec_widths,95%,Mori et al. 2021,0.49
0.683240875,0.7204851250000001,mass_spec_widths,75%,Mori et al. 2021,0.49
0.699167875,0.708801,mass_spec_widths,25%,Mori et al. 2021,0.49
0.7041165,0.7041165,mass_spec_widths,median,Mori et al. 2021,0.49
0.6722257,0.7304523999999999,mass_spec_widths,95%,Mori et al. 2021,0.5
0.685194125,0.7221537499999999,mass_spec_widths,75%,Mori et al. 2021,0.5
0.7010316249999999,0.71057175,mass_spec_widths,25%,Mori et al. 2021,0.5
0.7059245,0.7059245,mass_spec_widths,median,Mori et al. 2021,0.5
0.67244595,0.7306143999999999,mass_spec_widths,95%,Mori et al. 2021,0.5010702510071894
0.685399875,0.722337,mass_spec_widths,75%,Mori et al. 2021,0.5010702510071894
0.701227125,0.71075975,mass_spec_widths,25%,Mori et al. 2021,0.5010702510071894
0.7061105000000001,0.7061105000000001,mass_spec_widths,median,Mori et al. 2021,0.5010702510071894
0.68269125,0.7385143,mass_spec_widths,95%,Mori et al. 2021,0.55
0.695267375,0.730441875,mass_spec_widths,75%,Mori et al. 2021,0.55
0.710359125,0.719357,mass_spec_widths,25%,Mori et al. 2021,0.55
0.7149735,0.7149735,mass_spec_widths,median,Mori et al. 2021,0.55
0.6847278,0.7400692999999999,mass_spec_widths,95%,Mori et al. 2021,0.56
0.697295625,0.73216725,mass_spec_widths,75%,Mori et al. 2021,0.56
0.71221375,0.721078,mass_spec_widths,25%,Mori et al. 2021,0.56
0.716827,0.716827,mass_spec_widths,median,Mori et al. 2021,0.56
0.7101525000000001,0.7603144,mass_spec_widths,95%,Mori et al. 2021,0.6817841120261757
0.7214287500000001,0.75313075,mass_spec_widths,75%,Mori et al. 2021,0.6817841120261757
0.734831375,0.7427883750000001,mass_spec_widths,25%,Mori et al. 2021,0.6817841120261757
0.7388475,0.7388475,mass_spec_widths,median,Mori et al. 2021,0.6817841120261757
0.7119025999999999,0.7616346,mass_spec_widths,95%,Mori et al. 2021,0.69
0.723043375,0.754603375,mass_spec_widths,75%,Mori et al. 2021,0.69
0.7363261249999999,0.744285875,mass_spec_widths,25%,Mori et al. 2021,0.69
0.740352,0.740352,mass_spec_widths,median,Mori et al. 2021,0.69
0.71589185,0.7648595499999999,mass_spec_widths,95%,Mori et al. 2021,0.71
0.72686475,0.757956375,mass_spec_widths,75%,Mori et al. 2021,0.71
0.73999475,0.7478425,mass_spec_widths,25%,Mori et al. 2021,0.71
0.7439990000000001,0.7439990000000001,mass_spec_widths,median,Mori et al. 2021,0.71
0.7179878,0.7665872,mass_spec_widths,95%,Mori et al. 2021,0.72
0.72881175,0.759656875,mass_spec_widths,75%,Mori et al. 2021,0.72
0.741798125,0.74964875,mass_spec_widths,25%,Mori et al. 2021,0.72
0.7458465,0.7458465,mass_spec_widths,median,Mori et al. 2021,0.72
0.7282273499999999,0.775385,mass_spec_widths,95%,Mori et al. 2021,0.7701635339554948
0.7386309999999999,0.768379,mass_spec_widths,75%,Mori et al. 2021,0.7701635339554948
0.751030625,0.758630125,mass_spec_widths,25%,Mori et al. 2021,0.7701635339554948
0.754866,0.754866,mass_spec_widths,median,Mori et al. 2021,0.7701635339554948
0.73629645,0.7824582999999999,mass_spec_widths,95%,Mori et al. 2021,0.81
0.746114125,0.77543125,mass_spec_widths,75%,Mori et al. 2021,0.81
0.758299125,0.765776375,mass_spec_widths,25%,Mori et al. 2021,0.81
0.7620215,0.7620215,mass_spec_widths,median,Mori et al. 2021,0.81
0.74068405,0.7864338,mass_spec_widths,95%,Mori et al. 2021,0.8317766166719343
0.750285,0.7793005000000001,mass_spec_widths,75%,Mori et al. 2021,0.8317766166719343
0.762271375,0.76970175,mass_spec_widths,25%,Mori et al. 2021,0.8317766166719343
0.7659435,0.7659435,mass_spec_widths,median,Mori et al. 2021,0.8317766166719343
0.7440269,0.7896227,mass_spec_widths,95%,Mori et al. 2021,0.8487516496652392
0.75355125,0.782439375,mass_spec_widths,75%,Mori et al. 2021,0.8487516496652392
0.7653886249999999,0.772828,mass_spec_widths,25%,Mori et al. 2021,0.8487516496652392
0.7690675,0.7690675,mass_spec_widths,median,Mori et al. 2021,0.8487516496652392
0.7545867,0.8001434500000001,mass_spec_widths,95%,Mori et al. 2021,0.9041050181216675
0.76387825,0.792604,mass_spec_widths,75%,Mori et al. 2021,0.9041050181216675
0.77533325,0.782795,mass_spec_widths,25%,Mori et al. 2021,0.9041050181216675
0.779096,0.779096,mass_spec_widths,median,Mori et al. 2021,0.9041050181216675
0.7941332,0.84394495,mass_spec_widths,95%,Mori et al. 2021,1.1240224549620734
0.80325575,0.834490625,mass_spec_widths,75%,Mori et al. 2021,1.1240224549620734
0.814742125,0.8228335,mass_spec_widths,25%,Mori et al. 2021,1.1240224549620734
0.818845,0.818845,mass_spec_widths,median,Mori et al. 2021,1.1240224549620734
0.60917545,0.685473,mass_spec_widths,95%,Peebo et al. 2015,0.21
0.6259311249999999,0.6747070000000001,mass_spec_widths,75%,Peebo et al. 2015,0.21
0.646565875,0.6594655,mass_spec_widths,25%,Peebo et al. 2015,0.21
0.653241,0.653241,mass_spec_widths,median,Peebo et al. 2015,0.21
0.6113144,0.68703565,mass_spec_widths,95%,Peebo et al. 2015,0.22
0.6280085,0.6763223749999999,mass_spec_widths,75%,Peebo et al. 2015,0.22
0.6484015,0.661219125,mass_spec_widths,25%,Peebo et al. 2015,0.22
0.655065,0.655065,mass_spec_widths,median,Peebo et al. 2015,0.22
0.61798915,0.6915384,mass_spec_widths,95%,Peebo et al. 2015,0.25
0.6341405,0.68119175,mass_spec_widths,75%,Peebo et al. 2015,0.25
0.6540892500000001,0.66648075,mass_spec_widths,25%,Peebo et al. 2015,0.25
0.660451,0.660451,mass_spec_widths,median,Peebo et al. 2015,0.25
0.62029475,0.6930862499999999,mass_spec_widths,95%,Peebo et al. 2015,0.26
0.636214125,0.6827793750000001,mass_spec_widths,75%,Peebo et al. 2015,0.26
0.655939125,0.668220375,mass_spec_widths,25%,Peebo et al. 2015,0.26
0.662271,0.662271,mass_spec_widths,median,Peebo et al. 2015,0.26
0.63126625,0.7007864500000001,mass_spec_widths,95%,Peebo et al. 2015,0.31
0.646551,0.6909540000000001,mass_spec_widths,75%,Peebo et al. 2015,0.31
0.665238625,0.676984875,mass_spec_widths,25%,Peebo et al. 2015,0.31
0.6713605,0.6713605,mass_spec_widths,median,Peebo et al. 2015,0.31
0.6401282,0.7069195,mass_spec_widths,95%,Peebo et al. 2015,0.35
0.654641875,0.69750775,mass_spec_widths,75%,Peebo et al. 2015,0.35
0.672766625,0.68402775,mass_spec_widths,25%,Peebo et al. 2015,0.35
0.6786605,0.6786605,mass_spec_widths,median,Peebo et al. 2015,0.35
0.64237065,0.7085032,mass_spec_widths,95%,Peebo et al. 2015,0.36
0.65676925,0.699133375,mass_spec_widths,75%,Peebo et al. 2015,0.36
0.67465725,0.685814375,mass_spec_widths,25%,Peebo et al. 2015,0.36
0.6805045000000001,0.6805045000000001,mass_spec_widths,median,Peebo et al. 2015,0.36
0.6532244,0.71630605,mass_spec_widths,95%,Peebo et al. 2015,0.41
0.6669987500000001,0.707283875,mass_spec_widths,75%,Peebo et al. 2015,0.41
0.68404675,0.694703625,mass_spec_widths,25%,Peebo et al. 2015,0.41
0.6895895,0.6895895,mass_spec_widths,median,Peebo et al. 2015,0.41
0.6553265,0.7179213,mass_spec_widths,95%,Peebo et al. 2015,0.42
0.6689866250000001,0.708959875,mass_spec_widths,75%,Peebo et al. 2015,0.42
0.685914625,0.696465375,mass_spec_widths,25%,Peebo et al. 2015,0.42
0.6914275,0.6914275,mass_spec_widths,median,Peebo et al. 2015,0.42
0.6617825500000001,0.72277125,mass_spec_widths,95%,Peebo et al. 2015,0.45
0.6752186250000001,0.7139340000000001,mass_spec_widths,75%,Peebo et al. 2015,0.45
0.69161125,0.701811375,mass_spec_widths,25%,Peebo et al. 2015,0.45
0.6968099999999999,0.6968099999999999,mass_spec_widths,median,Peebo et al. 2015,0.45
0.66397135,0.7243417,mass_spec_widths,95%,Peebo et al. 2015,0.46
0.6772370000000001,0.715599125,mass_spec_widths,75%,Peebo et al. 2015,0.46
0.693477375,0.703576375,mass_spec_widths,25%,Peebo et al. 2015,0.46
0.6986165,0.6986165,mass_spec_widths,median,Peebo et al. 2015,0.46
0.67434295,0.73210415,mass_spec_widths,95%,Peebo et al. 2015,0.51
0.687164875,0.723838875,mass_spec_widths,75%,Peebo et al. 2015,0.51
0.702903875,0.71231075,mass_spec_widths,25%,Peebo et al. 2015,0.51
0.707733,0.707733,mass_spec_widths,median,Peebo et al. 2015,0.51
0.6785087,0.7352238,mass_spec_widths,95%,Peebo et al. 2015,0.53
0.69123975,0.72709275,mass_spec_widths,75%,Peebo et al. 2015,0.53
0.70660425,0.7157935,mass_spec_widths,25%,Peebo et al. 2015,0.53
0.7113535,0.7113535,mass_spec_widths,median,Peebo et al. 2015,0.53
0.68269125,0.7385143,mass_spec_widths,95%,Peebo et al. 2015,0.55
0.695267375,0.730441875,mass_spec_widths,75%,Peebo et al. 2015,0.55
0.710359125,0.719357,mass_spec_widths,25%,Peebo et al. 2015,0.55
0.7149735,0.7149735,mass_spec_widths,median,Peebo et al. 2015,0.55
0.6995369499999999,0.7515,mass_spec_widths,95%,Peebo et al. 2015,0.63
0.7112078749999999,0.7441875,mass_spec_widths,75%,Peebo et al. 2015,0.63
0.725217,0.733494875,mass_spec_widths,25%,Peebo et al. 2015,0.63
0.7294795000000001,0.7294795000000001,mass_spec_widths,median,Peebo et al. 2015,0.63
0.7036073500000001,0.75480755,mass_spec_widths,95%,Peebo et al. 2015,0.65
0.715141875,0.747632625,mass_spec_widths,75%,Peebo et al. 2015,0.65
0.7289226249999999,0.73704925,mass_spec_widths,25%,Peebo et al. 2015,0.65
0.7331075,0.7331075,mass_spec_widths,median,Peebo et al. 2015,0.65
0.7200943000000001,0.7683795999999999,mass_spec_widths,95%,Peebo et al. 2015,0.73
0.73073075,0.76142925,mass_spec_widths,75%,Peebo et al. 2015,0.73
0.743659,0.7514252499999999,mass_spec_widths,25%,Peebo et al. 2015,0.73
0.747654,0.747654,mass_spec_widths,median,Peebo et al. 2015,0.73
0.72210375,0.7700322000000001,mass_spec_widths,95%,Peebo et al. 2015,0.74
0.73266675,0.763185,mass_spec_widths,75%,Peebo et al. 2015,0.74
0.74551325,0.753235875,mass_spec_widths,25%,Peebo et al. 2015,0.74
0.7494405,0.7494405,mass_spec_widths,median,Peebo et al. 2015,0.74
0.73017485,0.7770552000000001,mass_spec_widths,95%,Peebo et al. 2015,0.78
0.740424875,0.770049875,mass_spec_widths,75%,Peebo et al. 2015,0.78
0.7528250000000001,0.7603751249999999,mass_spec_widths,25%,Peebo et al. 2015,0.78
0.7566425,0.7566425,mass_spec_widths,median,Peebo et al. 2015,0.78
0.7383813,0.7842573999999999,mass_spec_widths,95%,Peebo et al. 2015,0.82
0.748038625,0.777230125,mass_spec_widths,75%,Peebo et al. 2015,0.82
0.7601180000000001,0.767591125,mass_spec_widths,25%,Peebo et al. 2015,0.82
0.763806,0.763806,mass_spec_widths,median,Peebo et al. 2015,0.82
0.5897141,0.6718722,mass_spec_widths,95%,Schmidt et al. 2016,0.12
0.607411,0.660126125,mass_spec_widths,75%,Schmidt et al. 2016,0.12
0.629491625,0.643661375,mass_spec_widths,25%,Schmidt et al. 2016,0.12
0.636841,0.636841,mass_spec_widths,median,Schmidt et al. 2016,0.12
0.6071448,0.68390025,mass_spec_widths,95%,Schmidt et al. 2016,0.2
0.623963625,0.67304725,mass_spec_widths,75%,Schmidt et al. 2016,0.2
0.6446436249999999,0.6577165,mass_spec_widths,25%,Schmidt et al. 2016,0.2
0.651419,0.651419,mass_spec_widths,median,Schmidt et al. 2016,0.2
0.62029475,0.6930862499999999,mass_spec_widths,95%,Schmidt et al. 2016,0.26
0.636214125,0.6827793750000001,mass_spec_widths,75%,Schmidt et al. 2016,0.26
0.655939125,0.668220375,mass_spec_widths,25%,Schmidt et al. 2016,0.26
0.662271,0.662271,mass_spec_widths,median,Schmidt et al. 2016,0.26
0.62931415,0.6992821,mass_spec_widths,95%,Schmidt et al. 2016,0.3
0.64455,0.68932475,mass_spec_widths,75%,Schmidt et al. 2016,0.3
0.663383,0.6752306250000001,mass_spec_widths,25%,Schmidt et al. 2016,0.3
0.669535,0.669535,mass_spec_widths,median,Schmidt et al. 2016,0.3
0.6401282,0.7069195,mass_spec_widths,95%,Schmidt et al. 2016,0.35
0.654641875,0.69750775,mass_spec_widths,75%,Schmidt et al. 2016,0.35
0.672766625,0.68402775,mass_spec_widths,25%,Schmidt et al. 2016,0.35
0.6786605,0.6786605,mass_spec_widths,median,Schmidt et al. 2016,0.35
0.650773,0.7147675,mass_spec_widths,95%,Schmidt et al. 2016,0.4
0.66501125,0.70564925,mass_spec_widths,75%,Schmidt et al. 2016,0.4
0.68215125,0.692944875,mass_spec_widths,25%,Schmidt et al. 2016,0.4
0.687764,0.687764,mass_spec_widths,median,Schmidt et al. 2016,0.4
0.6553265,0.7179213,mass_spec_widths,95%,Schmidt et al. 2016,0.42
0.6689866250000001,0.708959875,mass_spec_widths,75%,Schmidt et al. 2016,0.42
0.685914625,0.696465375,mass_spec_widths,25%,Schmidt et al. 2016,0.42
0.6914275,0.6914275,mass_spec_widths,median,Schmidt et al. 2016,0.42
0.65966865,0.72124,mass_spec_widths,95%,Schmidt et al. 2016,0.44
0.6731280000000001,0.7122465,mass_spec_widths,75%,Schmidt et al. 2016,0.44
0.68969725,0.700032375,mass_spec_widths,25%,Schmidt et al. 2016,0.44
0.6950185,0.6950185,mass_spec_widths,median,Schmidt et al. 2016,0.44
0.66397135,0.7243417,mass_spec_widths,95%,Schmidt et al. 2016,0.46
0.6772370000000001,0.715599125,mass_spec_widths,75%,Schmidt et al. 2016,0.46
0.693477375,0.703576375,mass_spec_widths,25%,Schmidt et al. 2016,0.46
0.6986165,0.6986165,mass_spec_widths,median,Schmidt et al. 2016,0.46
0.6660815999999999,0.7259051,mass_spec_widths,95%,Schmidt et al. 2016,0.47
0.679236375,0.717226625,mass_spec_widths,75%,Schmidt et al. 2016,0.47
0.6953825,0.705270875,mass_spec_widths,25%,Schmidt et al. 2016,0.47
0.7004765,0.7004765,mass_spec_widths,median,Schmidt et al. 2016,0.47
0.6660815999999999,0.7259051,mass_spec_widths,95%,Schmidt et al. 2016,0.47
0.679236375,0.717226625,mass_spec_widths,75%,Schmidt et al. 2016,0.47
0.6953825,0.705270875,mass_spec_widths,25%,Schmidt et al. 2016,0.47
0.7004765,0.7004765,mass_spec_widths,median,Schmidt et al. 2016,0.47
0.6722257,0.7304523999999999,mass_spec_widths,95%,Schmidt et al. 2016,0.5
0.685194125,0.7221537499999999,mass_spec_widths,75%,Schmidt et al. 2016,0.5
0.7010316249999999,0.71057175,mass_spec_widths,25%,Schmidt et al. 2016,0.5
0.7059245,0.7059245,mass_spec_widths,median,Schmidt et al. 2016,0.5
0.68269125,0.7385143,mass_spec_widths,95%,Schmidt et al. 2016,0.55
0.695267375,0.730441875,mass_spec_widths,75%,Schmidt et al. 2016,0.55
0.710359125,0.719357,mass_spec_widths,25%,Schmidt et al. 2016,0.55
0.7149735,0.7149735,mass_spec_widths,median,Schmidt et al. 2016,0.55
0.68269125,0.7385143,mass_spec_widths,95%,Schmidt et al. 2016,0.55
0.695267375,0.730441875,mass_spec_widths,75%,Schmidt et al. 2016,0.55
0.710359125,0.719357,mass_spec_widths,25%,Schmidt et al. 2016,0.55
0.7149735,0.7149735,mass_spec_widths,median,Schmidt et al. 2016,0.55
0.68897165,0.7432381,mass_spec_widths,95%,Schmidt et al. 2016,0.58
0.7011425,0.7355900000000001,mass_spec_widths,75%,Schmidt et al. 2016,0.58
0.7159887500000001,0.7245557499999999,mass_spec_widths,25%,Schmidt et al. 2016,0.58
0.72044,0.72044,mass_spec_widths,median,Schmidt et al. 2016,0.58
0.6995369499999999,0.7515,mass_spec_widths,95%,Schmidt et al. 2016,0.63
0.7112078749999999,0.7441875,mass_spec_widths,75%,Schmidt et al. 2016,0.63
0.725217,0.733494875,mass_spec_widths,25%,Schmidt et al. 2016,0.63
0.7294795000000001,0.7294795000000001,mass_spec_widths,median,Schmidt et al. 2016,0.63
0.7036073500000001,0.75480755,mass_spec_widths,95%,Schmidt et al. 2016,0.65
0.715141875,0.747632625,mass_spec_widths,75%,Schmidt et al. 2016,0.65
0.7289226249999999,0.73704925,mass_spec_widths,25%,Schmidt et al. 2016,0.65
0.7331075,0.7331075,mass_spec_widths,median,Schmidt et al. 2016,0.65
0.70566385,0.75653845,mass_spec_widths,95%,Schmidt et al. 2016,0.66
0.717120125,0.749364625,mass_spec_widths,75%,Schmidt et al. 2016,0.66
0.73079725,0.7388041249999999,mass_spec_widths,25%,Schmidt et al. 2016,0.66
0.7349055,0.7349055,mass_spec_widths,median,Schmidt et al. 2016,0.66
0.81878305,0.8744748999999999,mass_spec_widths,95%,Schmidt et al. 2016,1.27
0.828321625,0.8634572500000001,mass_spec_widths,75%,Schmidt et al. 2016,1.27
0.840761625,0.849786375,mass_spec_widths,25%,Schmidt et al. 2016,1.27
0.8451525,0.8451525,mass_spec_widths,median,Schmidt et al. 2016,1.27
0.91527315,1.014375,mass_spec_widths,95%,Schmidt et al. 2016,1.9
0.930002375,0.993121875,mass_spec_widths,75%,Schmidt et al. 2016,1.9
0.951593875,0.9673404999999999,mass_spec_widths,25%,Schmidt et al. 2016,1.9
0.9592890000000001,0.9592890000000001,mass_spec_widths,median,Schmidt et al. 2016,1.9
0.7125428500000001,0.7620785,mass_spec_widths,95%,Soufi et al. 2015,0.6931471805599453
0.7236555,0.755122875,mass_spec_widths,75%,Soufi et al. 2015,0.6931471805599453
0.7368985,0.74483625,mass_spec_widths,25%,Soufi et al. 2015,0.6931471805599453
0.7409334999999999,0.7409334999999999,mass_spec_widths,median,Soufi et al. 2015,0.6931471805599453
0.58773845,0.6705012,mass_spec_widths,95%,Valgepea et al. 2013,0.11
0.605387625,0.658556875,mass_spec_widths,75%,Valgepea et al. 2013,0.11
0.627561,0.641898375,mass_spec_widths,25%,Valgepea et al. 2013,0.11
0.6350505,0.6350505,mass_spec_widths,median,Valgepea et al. 2013,0.11
0.60917545,0.685473,mass_spec_widths,95%,Valgepea et al. 2013,0.21
0.6259311249999999,0.6747070000000001,mass_spec_widths,75%,Valgepea et al. 2013,0.21
0.646565875,0.6594655,mass_spec_widths,25%,Valgepea et al. 2013,0.21
0.653241,0.653241,mass_spec_widths,median,Valgepea et al. 2013,0.21
0.63126625,0.7007864500000001,mass_spec_widths,95%,Valgepea et al. 2013,0.31
0.646551,0.6909540000000001,mass_spec_widths,75%,Valgepea et al. 2013,0.31
0.665238625,0.676984875,mass_spec_widths,25%,Valgepea et al. 2013,0.31
0.6713605,0.6713605,mass_spec_widths,median,Valgepea et al. 2013,0.31
0.650773,0.7147675,mass_spec_widths,95%,Valgepea et al. 2013,0.4
0.66501125,0.70564925,mass_spec_widths,75%,Valgepea et al. 2013,0.4
0.68215125,0.692944875,mass_spec_widths,25%,Valgepea et al. 2013,0.4
0.687764,0.687764,mass_spec_widths,median,Valgepea et al. 2013,0.4
0.67021805,0.7289412,mass_spec_widths,95%,Valgepea et al. 2013,0.49
0.683240875,0.7204851250000001,mass_spec_widths,75%,Valgepea et al. 2013,0.49
0.699167875,0.708801,mass_spec_widths,25%,Valgepea et al. 2013,0.49
0.7041165,0.7041165,mass_spec_widths,median,Valgepea et al. 2013,0.49
