value,kde,parameter
0.001865115,0.0,avg_rho_ratio
0.00373023,0.0,avg_rho_ratio
0.005595345000000001,0.0,avg_rho_ratio
0.00746046,0.0,avg_rho_ratio
0.009325575000000001,0.0,avg_rho_ratio
0.011190690000000001,0.0,avg_rho_ratio
0.013055805000000002,0.0,avg_rho_ratio
0.014920920000000002,0.0,avg_rho_ratio
0.016786035,0.0,avg_rho_ratio
0.018651150000000002,0.0,avg_rho_ratio
0.020516265000000002,0.0,avg_rho_ratio
0.022381380000000003,0.0,avg_rho_ratio
0.024246495000000003,0.0,avg_rho_ratio
0.026111610000000004,0.0,avg_rho_ratio
0.027976725000000004,0.0,avg_rho_ratio
0.029841840000000005,0.0,avg_rho_ratio
0.031706955,0.0,avg_rho_ratio
0.03357207,0.0,avg_rho_ratio
0.035437185,0.0,avg_rho_ratio
0.037302300000000004,0.0,avg_rho_ratio
0.039167415000000004,7.88062549e-314,avg_rho_ratio
0.041032530000000005,1.661178522539763e-302,avg_rho_ratio
0.042897645000000005,2.1510057724981848e-291,avg_rho_ratio
0.044762760000000006,1.710946772110431e-280,avg_rho_ratio
0.046627875000000006,8.359899990483651e-270,avg_rho_ratio
0.04849299000000001,2.5092003146486228e-259,avg_rho_ratio
0.05035810500000001,4.626358280290626e-249,avg_rho_ratio
0.05222322000000001,5.239777965250107e-239,avg_rho_ratio
0.05408833500000001,3.645492548849957e-229,avg_rho_ratio
0.05595345000000001,1.5580065469285405e-219,avg_rho_ratio
0.05781856500000001,4.090271207944371e-210,avg_rho_ratio
0.05968368000000001,6.596365868878097e-201,avg_rho_ratio
0.06154879500000001,6.5347236156826985e-192,avg_rho_ratio
0.06341391,3.976670793817502e-183,avg_rho_ratio
0.065279025,1.4865587442864719e-174,avg_rho_ratio
0.06714414,3.4136159170982994e-166,avg_rho_ratio
0.069009255,4.815235566310659e-158,avg_rho_ratio
0.07087437,4.1724480533542907e-150,avg_rho_ratio
0.072739485,2.2209313620408107e-142,avg_rho_ratio
0.07460460000000001,7.261904014264996e-135,avg_rho_ratio
0.07646971500000001,1.4586044367709225e-127,avg_rho_ratio
0.07833483000000001,1.7996865121347804e-120,avg_rho_ratio
0.08019994500000001,1.3640470596982524e-113,avg_rho_ratio
0.08206506000000001,6.350912603197949e-107,avg_rho_ratio
0.08393017500000001,1.8164301615742004e-100,avg_rho_ratio
0.08579529000000001,3.1913838139716977e-94,avg_rho_ratio
0.08766040500000001,3.4444489953883476e-88,avg_rho_ratio
0.08952552000000001,2.2837278115770987e-82,avg_rho_ratio
0.09139063500000001,9.301594396418962e-77,avg_rho_ratio
0.09325575000000001,2.3273679784825853e-71,avg_rho_ratio
0.09512086500000001,3.5774655164844916e-66,avg_rho_ratio
0.09698598000000001,3.378309582449757e-61,avg_rho_ratio
0.09885109500000001,1.9599792509205795e-56,avg_rho_ratio
0.10071621000000001,6.986357956968032e-52,avg_rho_ratio
0.10258132500000001,1.5301123183108243e-47,avg_rho_ratio
0.10444644000000002,2.0592232265698336e-43,avg_rho_ratio
0.10631155500000002,1.7030894706877338e-39,avg_rho_ratio
0.10817667000000002,8.657401329247802e-36,avg_rho_ratio
0.11004178500000002,2.705435587502441e-32,avg_rho_ratio
0.11190690000000002,5.198747815853804e-29,avg_rho_ratio
0.11377201500000002,6.145021275014085e-26,avg_rho_ratio
0.11563713000000002,4.4700717284780164e-23,avg_rho_ratio
0.11750224500000002,2.0023742926141024e-20,avg_rho_ratio
0.11936736000000002,5.528174607367505e-18,avg_rho_ratio
0.12123247500000002,9.416997177243808e-16,avg_rho_ratio
0.12309759000000002,9.912557493568812e-14,avg_rho_ratio
0.12496270500000002,6.460371012248295e-12,avg_rho_ratio
0.12682782,2.6136888413932374e-10,avg_rho_ratio
0.128692935,6.586657972226256e-09,avg_rho_ratio
0.13055805,1.0387551390569328e-07,avg_rho_ratio
0.132423165,1.0320715829119592e-06,avg_rho_ratio
0.13428828,6.529554304526642e-06,avg_rho_ratio
0.136153395,2.6810442264176517e-05,avg_rho_ratio
0.13801851,7.415903087995096e-05,avg_rho_ratio
0.139883625,0.00014889801008065946,avg_rho_ratio
0.14174874,0.00024785156175779837,avg_rho_ratio
0.143613855,0.0003992220144495538,avg_rho_ratio
0.14547897,0.0006507232322198469,avg_rho_ratio
0.147344085,0.0009968215312673046,avg_rho_ratio
0.14920920000000001,0.0013989406601814954,avg_rho_ratio
0.15107431500000001,0.001958719498248616,avg_rho_ratio
0.15293943000000002,0.002887071394728449,avg_rho_ratio
0.15480454500000002,0.004172920814714354,avg_rho_ratio
0.15666966000000002,0.005615121936941774,avg_rho_ratio
0.15853477500000002,0.007277123943852616,avg_rho_ratio
0.16039989000000002,0.009479049267416925,avg_rho_ratio
0.16226500500000002,0.012286160776883274,avg_rho_ratio
0.16413012000000002,0.01546512859481105,avg_rho_ratio
0.16599523500000002,0.01896213356747434,avg_rho_ratio
0.16786035000000002,0.02279265781398084,avg_rho_ratio
0.16972546500000002,0.026645558631903363,avg_rho_ratio
0.17159058000000002,0.03046180493236011,avg_rho_ratio
0.17345569500000002,0.03465950496140184,avg_rho_ratio
0.17532081000000002,0.039035385418972376,avg_rho_ratio
0.17718592500000002,0.04276647868602544,avg_rho_ratio
0.17905104000000002,0.04561936611713416,avg_rho_ratio
0.18091615500000002,0.04790802513535205,avg_rho_ratio
0.18278127000000002,0.049586929165025634,avg_rho_ratio
0.18464638500000002,0.05020035284674081,avg_rho_ratio
0.18651150000000002,0.04948806228518759,avg_rho_ratio
0.18837661500000003,0.04778294617882473,avg_rho_ratio
0.19024173000000003,0.04577031408813049,avg_rho_ratio
0.19210684500000003,0.04362219977769021,avg_rho_ratio
0.19397196000000003,0.04094347308944702,avg_rho_ratio
0.19583707500000003,0.03762854769667859,avg_rho_ratio
0.19770219000000003,0.03406334695712382,avg_rho_ratio
0.19956730500000003,0.030677480340817315,avg_rho_ratio
0.20143242000000003,0.02759424992203715,avg_rho_ratio
0.20329753500000003,0.02464547731172147,avg_rho_ratio
0.20516265000000003,0.02172264096953134,avg_rho_ratio
0.20702776500000003,0.018859019846631058,avg_rho_ratio
0.20889288000000003,0.016123764511429477,avg_rho_ratio
0.21075799500000003,0.01376040483259855,avg_rho_ratio
0.21262311000000003,0.011964367655936623,avg_rho_ratio
0.21448822500000003,0.010498898210374521,avg_rho_ratio
0.21635334000000003,0.009032755037645016,avg_rho_ratio
0.21821845500000003,0.007603934329851202,avg_rho_ratio
0.22008357000000003,0.00643468421057533,avg_rho_ratio
0.22194868500000003,0.005520070333935377,avg_rho_ratio
0.22381380000000003,0.004630009926260082,avg_rho_ratio
0.22567891500000004,0.003678707586754604,avg_rho_ratio
0.22754403000000004,0.0028437469810045878,avg_rho_ratio
0.22940914500000004,0.002272314871706902,avg_rho_ratio
0.23127426000000004,0.0018982519440257609,avg_rho_ratio
0.23313937500000004,0.0015557416264006718,avg_rho_ratio
0.23500449000000004,0.0012063233749213648,avg_rho_ratio
0.23686960500000004,0.000987120416445543,avg_rho_ratio
0.23873472000000004,0.0009404732849446603,avg_rho_ratio
0.24059983500000004,0.0008858215081866813,avg_rho_ratio
0.24246495000000004,0.000684249264789931,avg_rho_ratio
0.24433006500000004,0.000426760649556238,avg_rho_ratio
0.24619518000000004,0.00025342091927197107,avg_rho_ratio
0.24806029500000004,0.00018879055502343836,avg_rho_ratio
0.24992541000000004,0.00017612990714105072,avg_rho_ratio
0.25179052500000004,0.0001592208222423192,avg_rho_ratio
0.25365564,0.00012552476439400362,avg_rho_ratio
0.255520755,8.884752743534118e-05,avg_rho_ratio
0.25738587,6.392871611504591e-05,avg_rho_ratio
0.259250985,5.4399485295593837e-05,avg_rho_ratio
0.2611161,5.973709396963006e-05,avg_rho_ratio
0.262981215,8.512301568768796e-05,avg_rho_ratio
0.26484633,0.00011780037233907405,avg_rho_ratio
0.266711445,0.00012422843115410283,avg_rho_ratio
0.26857656,9.592226259152437e-05,avg_rho_ratio
0.270441675,6.549116262193703e-05,avg_rho_ratio
0.27230679,6.108707263821149e-05,avg_rho_ratio
0.274171905,6.875050920957275e-05,avg_rho_ratio
0.27603702,5.9675792264570375e-05,avg_rho_ratio
0.277902135,3.421829116358371e-05,avg_rho_ratio
0.27976725,1.2561999997958184e-05,avg_rho_ratio
0.281632365,2.953181221635554e-06,avg_rho_ratio
0.28349748,7.598655840001008e-07,avg_rho_ratio
0.285362595,2.2269658643306366e-06,avg_rho_ratio
0.28722771,8.8609862288066e-06,avg_rho_ratio
0.289092825,2.20353079633887e-05,avg_rho_ratio
0.29095794,3.366936515317502e-05,avg_rho_ratio
0.292823055,3.160721238718863e-05,avg_rho_ratio
0.29468817,1.829565205999199e-05,avg_rho_ratio
0.296553285,7.13011802086296e-06,avg_rho_ratio
0.29841840000000003,5.167908559749565e-06,avg_rho_ratio
0.300283515,1.3049491211587322e-05,avg_rho_ratio
0.30214863000000003,2.702849457895265e-05,avg_rho_ratio
0.304013745,3.502108096503864e-05,avg_rho_ratio
0.30587886000000003,2.9120677912180397e-05,avg_rho_ratio
0.307743975,2.0350332306975604e-05,avg_rho_ratio
0.30960909000000003,2.3058337643771017e-05,avg_rho_ratio
0.311474205,3.287036788883552e-05,avg_rho_ratio
0.31333932000000003,3.338205204894707e-05,avg_rho_ratio
0.315204435,2.1208738329835012e-05,avg_rho_ratio
0.31706955000000003,8.384743912781873e-06,avg_rho_ratio
0.318934665,2.820233061253949e-06,avg_rho_ratio
0.32079978000000003,4.676869669775991e-06,avg_rho_ratio
0.322664895,1.4254807449434864e-05,avg_rho_ratio
0.32453001000000004,2.8376211811855873e-05,avg_rho_ratio
0.326395125,3.4808862469254024e-05,avg_rho_ratio
0.32826024000000004,2.6694053129767813e-05,avg_rho_ratio
0.330125355,1.528579175112872e-05,avg_rho_ratio
0.33199047000000004,1.4957713758496552e-05,avg_rho_ratio
0.333855585,2.6103353811485867e-05,avg_rho_ratio
0.33572070000000004,3.473230598022263e-05,avg_rho_ratio
0.337585815,2.895159058074075e-05,avg_rho_ratio
0.33945093000000004,1.4847789183040163e-05,avg_rho_ratio
0.341316045,4.678154020203442e-06,avg_rho_ratio
0.34318116000000004,9.054429894451704e-07,avg_rho_ratio
0.345046275,1.0765090237463998e-07,avg_rho_ratio
0.34691139000000004,7.862196628176382e-09,avg_rho_ratio
0.348776505,3.5272786160673197e-10,avg_rho_ratio
0.35064162000000004,9.720872929196323e-12,avg_rho_ratio
0.352506735,1.6456610970809012e-13,avg_rho_ratio
0.35437185000000004,1.711374967542793e-15,avg_rho_ratio
0.356236965,1.0932502460449929e-17,avg_rho_ratio
0.35810208000000004,4.290062588771155e-20,avg_rho_ratio
0.359967195,1.0341351709323803e-22,avg_rho_ratio
0.36183231000000005,1.5313012081863674e-25,avg_rho_ratio
0.363697425,1.3928795993680747e-28,avg_rho_ratio
0.36556254000000005,7.782805300132377e-32,avg_rho_ratio
0.367427655,2.6713352214819636e-35,avg_rho_ratio
0.36929277000000005,5.632357991495898e-39,avg_rho_ratio
0.371157885,7.294940382282762e-43,avg_rho_ratio
0.37302300000000005,5.8039395339062055e-47,avg_rho_ratio
0.374888115,2.836570928066718e-51,avg_rho_ratio
0.37675323000000005,8.515968605672348e-56,avg_rho_ratio
0.378618345,1.5705222441561897e-60,avg_rho_ratio
0.38048346000000005,1.77919589582917e-65,avg_rho_ratio
0.382348575,1.2381494818083186e-70,avg_rho_ratio
0.38421369000000005,5.2928797629185166e-76,avg_rho_ratio
0.386078805,1.3898905829613038e-81,avg_rho_ratio
0.38794392000000005,2.2420166447470245e-87,avg_rho_ratio
0.389809035,2.221604203655811e-93,avg_rho_ratio
0.39167415000000005,1.3522723886824392e-99,avg_rho_ratio
0.393539265,5.056282244034858e-106,avg_rho_ratio
0.39540438000000006,1.1613632319418403e-112,avg_rho_ratio
0.39726949500000003,1.6386057418074726e-119,avg_rho_ratio
0.39913461000000006,1.4202032698179483e-126,avg_rho_ratio
0.40099972500000003,7.561294963580201e-134,avg_rho_ratio
0.40286484000000006,2.4729280909206442e-141,avg_rho_ratio
0.40472995500000003,4.968169813203746e-149,avg_rho_ratio
0.40659507000000006,6.131278048593707e-157,avg_rho_ratio
0.40846018500000003,4.648097477006756e-165,avg_rho_ratio
0.41032530000000006,2.164557260317532e-173,avg_rho_ratio
0.41219041500000003,6.192023082644931e-182,avg_rho_ratio
0.41405553000000006,1.088092183061117e-190,avg_rho_ratio
0.41592064500000003,1.1745417262508316e-199,avg_rho_ratio
0.41778576000000006,7.788267247761709e-209,avg_rho_ratio
0.41965087500000003,3.1723630085500544e-218,avg_rho_ratio
0.42151599000000006,7.937697508190639e-228,avg_rho_ratio
0.42338110500000004,1.2200449965368357e-237,avg_rho_ratio
0.42524622000000006,1.1519318536106377e-247,avg_rho_ratio
0.42711133500000004,6.681090631633787e-258,avg_rho_ratio
0.42897645000000006,2.3803322166220633e-268,avg_rho_ratio
0.43084156500000004,5.209516549436585e-279,avg_rho_ratio
0.43270668000000007,7.003689846447349e-290,avg_rho_ratio
0.43457179500000004,5.783969907410075e-301,avg_rho_ratio
0.43643691000000007,2.934234236356e-312,avg_rho_ratio
0.43830202500000004,1e-323,avg_rho_ratio
0.44016714000000007,0.0,avg_rho_ratio
0.44203225500000004,0.0,avg_rho_ratio
0.44389737000000007,0.0,avg_rho_ratio
0.44576248500000004,0.0,avg_rho_ratio
0.44762760000000007,0.0,avg_rho_ratio
0.44949271500000004,0.0,avg_rho_ratio
0.45135783000000007,0.0,avg_rho_ratio
0.45322294500000004,0.0,avg_rho_ratio
0.45508806000000007,0.0,avg_rho_ratio
0.45695317500000004,0.0,avg_rho_ratio
0.4588182900000001,0.0,avg_rho_ratio
0.46068340500000005,0.0,avg_rho_ratio
0.4625485200000001,0.0,avg_rho_ratio
0.46441363500000005,0.0,avg_rho_ratio
0.4662787500000001,0.0,avg_rho_ratio
0.46814386500000005,0.0,avg_rho_ratio
0.4700089800000001,0.0,avg_rho_ratio
0.47187409500000005,0.0,avg_rho_ratio
0.4737392100000001,0.0,avg_rho_ratio
0.47560432500000005,0.0,avg_rho_ratio
0.4774694400000001,0.0,avg_rho_ratio
0.47933455500000005,0.0,avg_rho_ratio
0.48119967,0.0,avg_rho_ratio
0.48306478500000005,0.0,avg_rho_ratio
0.4849299,0.0,avg_rho_ratio
0.48679501500000005,0.0,avg_rho_ratio
0.48866013,0.0,avg_rho_ratio
0.49052524500000005,0.0,avg_rho_ratio
0.49239036,0.0,avg_rho_ratio
0.49425547500000006,0.0,avg_rho_ratio
0.49612059000000003,0.0,avg_rho_ratio
0.49798570500000006,0.0,avg_rho_ratio
0.49985082000000003,0.0,avg_rho_ratio
0.5017159350000001,0.0,avg_rho_ratio
0.5035810500000001,0.0,avg_rho_ratio
0.5054461650000001,0.0,avg_rho_ratio
0.50731128,0.0,avg_rho_ratio
0.509176395,0.0,avg_rho_ratio
0.5110415100000001,0.0,avg_rho_ratio
0.5129066250000001,0.0,avg_rho_ratio
0.51477174,0.0,avg_rho_ratio
0.516636855,0.0,avg_rho_ratio
0.5185019700000001,0.0,avg_rho_ratio
0.5203670850000001,0.0,avg_rho_ratio
0.5222322,0.0,avg_rho_ratio
0.524097315,0.0,avg_rho_ratio
0.5259624300000001,0.0,avg_rho_ratio
0.5278275450000001,0.0,avg_rho_ratio
0.52969266,0.0,avg_rho_ratio
0.531557775,0.0,avg_rho_ratio
0.5334228900000001,0.0,avg_rho_ratio
0.5352880050000001,0.0,avg_rho_ratio
0.53715312,0.0,avg_rho_ratio
0.539018235,0.0,avg_rho_ratio
0.5408833500000001,0.0,avg_rho_ratio
0.5427484650000001,0.0,avg_rho_ratio
0.54461358,0.0,avg_rho_ratio
0.546478695,0.0,avg_rho_ratio
0.5483438100000001,0.0,avg_rho_ratio
0.5502089250000001,0.0,avg_rho_ratio
0.55207404,0.0,avg_rho_ratio
0.553939155,0.0,avg_rho_ratio
0.5558042700000001,0.0,avg_rho_ratio
0.5576693850000001,0.0,avg_rho_ratio
0.5595345,0.0,avg_rho_ratio
0.00124439,0.0,Lambda
0.0024887800000000003,0.0,Lambda
0.00373317,0.0,Lambda
0.004977560000000001,0.0,Lambda
0.00622195,0.0,Lambda
0.00746634,0.0,Lambda
0.008710730000000002,0.0,Lambda
0.009955120000000001,0.0,Lambda
0.011199510000000001,0.0,Lambda
0.0124439,0.0,Lambda
0.01368829,0.0,Lambda
0.014932680000000002,0.0,Lambda
0.01617707,0.0,Lambda
0.017421460000000003,0.0,Lambda
0.018665850000000005,0.0,Lambda
0.019910240000000003,0.0,Lambda
0.021154630000000004,0.0,Lambda
0.022399020000000006,0.0,Lambda
0.023643410000000004,0.0,Lambda
0.024887800000000005,0.0,Lambda
0.026132190000000003,0.0,Lambda
0.027376580000000005,0.0,Lambda
0.028620970000000006,0.0,Lambda
0.029865360000000004,0.0,Lambda
0.031109750000000005,0.0,Lambda
0.03235414,0.0,Lambda
0.03359853,0.0,Lambda
0.03484292,0.0,Lambda
0.036087310000000004,0.0,Lambda
0.0373317,0.0,Lambda
0.03857609,0.0,Lambda
0.039820480000000005,0.0,Lambda
0.04106487,0.0,Lambda
0.04230926,0.0,Lambda
0.043553650000000006,0.0,Lambda
0.044798040000000004,0.0,Lambda
0.04604243,0.0,Lambda
0.04728682000000001,0.0,Lambda
0.048531210000000005,0.0,Lambda
0.0497756,0.0,Lambda
0.05101999,0.0,Lambda
0.052264380000000006,0.0,Lambda
0.053508770000000004,0.0,Lambda
0.05475316,0.0,Lambda
0.05599755000000001,0.0,Lambda
0.057241940000000005,0.0,Lambda
0.05848633,0.0,Lambda
0.05973072000000001,0.0,Lambda
0.060975110000000006,0.0,Lambda
0.062219500000000004,0.0,Lambda
0.06346389000000001,0.0,Lambda
0.06470828,0.0,Lambda
0.06595267,0.0,Lambda
0.06719706,0.0,Lambda
0.06844145,0.0,Lambda
0.06968584000000001,0.0,Lambda
0.07093023000000001,0.0,Lambda
0.07217462000000001,0.0,Lambda
0.07341901,0.0,Lambda
0.0746634,0.0,Lambda
0.07590779,0.0,Lambda
0.07715218000000001,0.0,Lambda
0.07839657000000001,0.0,Lambda
0.07964096000000001,0.0,Lambda
0.08088535000000001,0.0,Lambda
0.08212974,0.0,Lambda
0.08337413,0.0,Lambda
0.08461852,0.0,Lambda
0.08586291000000001,0.0,Lambda
0.08710730000000001,0.0,Lambda
0.08835169000000001,0.0,Lambda
0.08959608000000001,0.0,Lambda
0.09084047,0.0,Lambda
0.09208486,0.0,Lambda
0.09332925000000002,0.0,Lambda
0.09457364000000001,0.0,Lambda
0.09581803000000001,0.0,Lambda
0.09706242000000001,0.0,Lambda
0.09830681000000001,0.0,Lambda
0.0995512,0.0,Lambda
0.10079559,0.0,Lambda
0.10203998000000002,0.0,Lambda
0.10328437000000001,0.0,Lambda
0.10452876000000001,0.0,Lambda
0.10577315000000001,0.0,Lambda
0.10701754000000001,0.0,Lambda
0.10826193,0.0,Lambda
0.10950632000000002,0.0,Lambda
0.11075071000000002,0.0,Lambda
0.11199510000000001,0.0,Lambda
0.11323949000000001,0.0,Lambda
0.11448388000000001,0.0,Lambda
0.11572827000000001,0.0,Lambda
0.11697266000000002,0.0,Lambda
0.11821705000000002,0.0,Lambda
0.11946144000000002,0.0,Lambda
0.12070583000000001,0.0,Lambda
0.12195022000000001,1.4622602883258443e-250,Lambda
0.12319461000000001,1.1053035785623672e-11,Lambda
0.12443900000000001,0.9989766529975675,Lambda
0.12568339000000003,0.0010233469913793472,Lambda
0.12692778000000002,1.488626441285159e-124,Lambda
0.12817217000000003,0.0,Lambda
0.12941656000000004,0.0,Lambda
0.13066095000000003,0.0,Lambda
0.13190534000000004,0.0,Lambda
0.13314973000000002,0.0,Lambda
0.13439412000000003,0.0,Lambda
0.13563851000000002,0.0,Lambda
0.13688290000000003,0.0,Lambda
0.13812729000000004,0.0,Lambda
0.13937168000000003,0.0,Lambda
0.14061607000000004,0.0,Lambda
0.14186046000000002,0.0,Lambda
0.14310485000000003,0.0,Lambda
0.14434924000000002,0.0,Lambda
0.14559363000000003,0.0,Lambda
0.14683802000000004,0.0,Lambda
0.14808241000000003,0.0,Lambda
0.14932680000000004,0.0,Lambda
0.15057119000000002,0.0,Lambda
0.15181558000000003,0.0,Lambda
0.15305997000000005,0.0,Lambda
0.15430436000000003,0.0,Lambda
0.15554875000000004,0.0,Lambda
0.15679314000000003,0.0,Lambda
0.15803753000000004,0.0,Lambda
0.15928192000000002,0.0,Lambda
0.16052631000000003,0.0,Lambda
0.16177070000000005,0.0,Lambda
0.16301509000000003,0.0,Lambda
0.16425948000000004,0.0,Lambda
0.16550387000000003,0.0,Lambda
0.16674826000000004,0.0,Lambda
0.16799265000000002,0.0,Lambda
0.16923704000000003,0.0,Lambda
0.17048143000000004,0.0,Lambda
0.17172582000000003,0.0,Lambda
0.17297021000000004,0.0,Lambda
0.17421460000000002,0.0,Lambda
0.17545899000000004,0.0,Lambda
0.17670338000000005,0.0,Lambda
0.17794777000000003,0.0,Lambda
0.17919216000000004,0.0,Lambda
0.18043655000000003,0.0,Lambda
0.18168094000000004,0.0,Lambda
0.18292533000000002,0.0,Lambda
0.18416972000000004,0.0,Lambda
0.18541411000000005,0.0,Lambda
0.18665850000000003,0.0,Lambda
0.18790289000000004,0.0,Lambda
0.18914728000000003,0.0,Lambda
0.19039167000000004,0.0,Lambda
0.19163606000000002,0.0,Lambda
0.19288045000000004,0.0,Lambda
0.19412484000000005,0.0,Lambda
0.19536923000000003,0.0,Lambda
0.19661362000000004,0.0,Lambda
0.19785801000000003,0.0,Lambda
0.19910240000000004,0.0,Lambda
0.20034679000000002,0.0,Lambda
0.20159118000000004,0.0,Lambda
0.20283557000000005,0.0,Lambda
0.20407996000000003,0.0,Lambda
0.20532435000000004,0.0,Lambda
0.20656874000000003,0.0,Lambda
0.20781313000000004,0.0,Lambda
0.20905752000000005,0.0,Lambda
0.21030191000000004,0.0,Lambda
0.21154630000000005,0.0,Lambda
0.21279069000000003,0.0,Lambda
0.21403508000000004,0.0,Lambda
0.21527947000000003,0.0,Lambda
0.21652386000000004,0.0,Lambda
0.21776825000000005,0.0,Lambda
0.21901264000000004,0.0,Lambda
0.22025703000000005,0.0,Lambda
0.22150142000000003,0.0,Lambda
0.22274581000000004,0.0,Lambda
0.22399020000000003,0.0,Lambda
0.22523459000000004,0.0,Lambda
0.22647898000000005,0.0,Lambda
0.22772337000000004,0.0,Lambda
0.22896776000000005,0.0,Lambda
0.23021215000000003,0.0,Lambda
0.23145654000000004,0.0,Lambda
0.23270093000000006,0.0,Lambda
0.23394532000000004,0.0,Lambda
0.23518971000000005,0.0,Lambda
0.23643410000000004,0.0,Lambda
0.23767849000000005,0.0,Lambda
0.23892288000000003,0.0,Lambda
0.24016727000000004,0.0,Lambda
0.24141166000000006,0.0,Lambda
0.24265605000000004,0.0,Lambda
0.24390044000000005,0.0,Lambda
0.24514483000000004,0.0,Lambda
0.24638922000000005,0.0,Lambda
0.24763361000000003,0.0,Lambda
0.24887800000000004,0.0,Lambda
0.25012239,0.0,Lambda
0.25136678,0.0,Lambda
0.25261117,0.0,Lambda
0.25385556000000004,0.0,Lambda
0.25509995,0.0,Lambda
0.25634434,0.0,Lambda
0.25758873000000004,0.0,Lambda
0.25883312,0.0,Lambda
0.26007751,0.0,Lambda
0.2613219,0.0,Lambda
0.26256629000000004,0.0,Lambda
0.26381068,0.0,Lambda
0.26505507,0.0,Lambda
0.26629946000000004,0.0,Lambda
0.26754385,0.0,Lambda
0.26878824,0.0,Lambda
0.27003263,0.0,Lambda
0.27127702000000004,0.0,Lambda
0.27252141,0.0,Lambda
0.2737658,0.0,Lambda
0.27501019000000004,0.0,Lambda
0.27625458,0.0,Lambda
0.27749897,0.0,Lambda
0.27874336,0.0,Lambda
0.27998775000000004,0.0,Lambda
0.28123214,0.0,Lambda
0.28247653,0.0,Lambda
0.28372092000000004,0.0,Lambda
0.28496531,0.0,Lambda
0.2862097,0.0,Lambda
0.28745409,0.0,Lambda
0.28869848000000004,0.0,Lambda
0.28994287,0.0,Lambda
0.29118726,0.0,Lambda
0.29243165000000004,0.0,Lambda
0.29367604,0.0,Lambda
0.29492043,0.0,Lambda
0.29616482000000005,0.0,Lambda
0.29740921000000003,0.0,Lambda
0.2986536,0.0,Lambda
0.29989799,0.0,Lambda
0.30114238000000004,0.0,Lambda
0.30238677,0.0,Lambda
0.30363116,0.0,Lambda
0.30487555000000005,0.0,Lambda
0.30611994000000003,0.0,Lambda
0.30736433,0.0,Lambda
0.30860872,0.0,Lambda
0.30985311000000004,0.0,Lambda
0.3110975,0.0,Lambda
0.31234189,0.0,Lambda
0.31358628000000005,0.0,Lambda
0.31483067000000003,0.0,Lambda
0.31607506,0.0,Lambda
0.31731945,0.0,Lambda
0.31856384000000004,0.0,Lambda
0.31980823,0.0,Lambda
0.32105262,0.0,Lambda
0.32229701000000005,0.0,Lambda
0.32354140000000003,0.0,Lambda
0.32478579,0.0,Lambda
0.32603018,0.0,Lambda
0.32727457000000004,0.0,Lambda
0.32851896,0.0,Lambda
0.32976335,0.0,Lambda
0.33100774000000005,0.0,Lambda
0.33225213000000003,0.0,Lambda
0.33349652,0.0,Lambda
0.33474091,0.0,Lambda
0.33598530000000004,0.0,Lambda
0.33722969,0.0,Lambda
0.33847408,0.0,Lambda
0.33971847000000005,0.0,Lambda
0.34096286000000003,0.0,Lambda
0.34220725,0.0,Lambda
0.34345164,0.0,Lambda
0.34469603000000004,0.0,Lambda
0.34594042,0.0,Lambda
0.34718481,0.0,Lambda
0.34842920000000005,0.0,Lambda
0.34967359000000003,0.0,Lambda
0.35091798,0.0,Lambda
0.35216237000000006,0.0,Lambda
0.35340676000000004,0.0,Lambda
0.35465115,0.0,Lambda
0.35589554,0.0,Lambda
0.35713993000000005,0.0,Lambda
0.35838432000000003,0.0,Lambda
0.35962871,0.0,Lambda
0.36087310000000006,0.0,Lambda
0.36211749000000004,0.0,Lambda
0.36336188,0.0,Lambda
0.36460627,0.0,Lambda
0.36585066000000005,0.0,Lambda
0.36709505000000003,0.0,Lambda
0.36833944,0.0,Lambda
0.36958383000000006,0.0,Lambda
0.37082822000000004,0.0,Lambda
0.37207261,0.0,Lambda
0.373317,0.0,Lambda
0.0002321685,0.0,Lambdak
0.000464337,0.0,Lambdak
0.0006965055,0.0,Lambdak
0.000928674,0.0,Lambdak
0.0011608425,0.0,Lambdak
0.001393011,0.0,Lambdak
0.0016251795,0.0,Lambdak
0.001857348,0.0,Lambdak
0.0020895165,0.0,Lambdak
0.0023216850000000004,0.0,Lambdak
0.0025538534999999998,0.0,Lambdak
0.002786022,0.0,Lambdak
0.0030181905,0.0,Lambdak
0.0032503590000000004,0.0,Lambdak
0.0034825274999999998,0.0,Lambdak
0.003714696,0.0,Lambdak
0.0039468645,0.0,Lambdak
0.004179033,0.0,Lambdak
0.004411201500000001,0.0,Lambdak
0.00464337,0.0,Lambdak
0.0048755385,8.61594e-318,Lambdak
0.005107707,2.2079208700053798e-306,Lambdak
0.0053398755,3.4737530306006527e-295,Lambdak
0.005572044,3.3554390667544834e-284,Lambdak
0.0058042125,1.989917190165907e-273,Lambdak
0.006036381,7.245295838191926e-263,Lambdak
0.006268549500000001,1.6196193467080568e-252,Lambdak
0.006500718,2.2228273942345413e-242,Lambdak
0.0067328865,1.8729867839007284e-232,Lambdak
0.006965055,9.689471886567137e-223,Lambdak
0.0071972235,3.077528995442182e-213,Lambdak
0.007429392,6.001241173670479e-204,Lambdak
0.0076615605,7.184840188595562e-195,Lambdak
0.007893729,5.281173953188566e-186,Lambdak
0.0081258975,2.383314632498509e-177,Lambdak
0.008358065999999999,6.60343714808233e-169,Lambdak
0.0085902345,1.1233024155477959e-160,Lambdak
0.008822403,1.173171546841796e-152,Lambdak
0.009054571499999999,7.522544067032607e-145,Lambdak
0.00928674,2.9614646510276016e-137,Lambdak
0.0095189085,7.157925261362378e-130,Lambdak
0.009751076999999999,1.0622011254671284e-122,Lambdak
0.0099832455,9.677552649374732e-116,Lambdak
0.010215413999999999,5.413320138944699e-109,Lambdak
0.010447582499999998,1.859094479980612e-102,Lambdak
0.010679751,3.9199361572409274e-96,Lambdak
0.010911919499999999,5.074538134170008e-90,Lambdak
0.011144088,4.0332418919363807e-84,Lambdak
0.0113762565,1.968124179636395e-78,Lambdak
0.011608424999999999,5.896462016365806e-73,Lambdak
0.0118405935,1.0846051677572035e-67,Lambdak
0.012072761999999999,1.2248798179032188e-62,Lambdak
0.0123049305,8.492931131022254e-58,Lambdak
0.012537099,3.6154718624132304e-53,Lambdak
0.012769267499999999,9.44967789839233e-49,Lambdak
0.013001436,1.5164067208145955e-44,Lambdak
0.0132336045,1.4940465762709584e-40,Lambdak
0.013465772999999999,9.03788814563369e-37,Lambdak
0.0136979415,3.35684488310545e-33,Lambdak
0.013930109999999999,7.6554012340456e-30,Lambdak
0.014162278499999998,1.0719975533873316e-26,Lambdak
0.014394447,9.217958719865595e-24,Lambdak
0.014626615499999999,4.867783916175329e-21,Lambdak
0.014858784,1.5788715575324447e-18,Lambdak
0.0150909525,3.1461664263874987e-16,Lambdak
0.015323120999999999,3.8529828535373845e-14,Lambdak
0.0155552895,2.901724214733259e-12,Lambdak
0.015787458,1.3452370688809453e-10,Lambdak
0.016019626500000002,3.8457569308966695e-09,Lambdak
0.016251795,6.800635738848073e-08,Lambdak
0.0164839635,7.481213451429898e-07,Lambdak
0.016716132,5.175197282796016e-06,Lambdak
0.016948300500000003,2.298558088445509e-05,Lambdak
0.017180469,6.824839415886054e-05,Lambdak
0.0174126375,0.0001461461312828396,Lambdak
0.017644806000000002,0.00025584385531962086,Lambdak
0.0178769745,0.00042082250569499706,Lambdak
0.018109143,0.0006786686855816543,Lambdak
0.018341311500000002,0.00101329096039479,Lambdak
0.01857348,0.0013948691603779565,Lambdak
0.0188056485,0.0019523383842735813,Lambdak
0.019037817000000002,0.002891129714772174,Lambdak
0.0192699855,0.004172327592025674,Lambdak
0.019502154,0.005618479101117319,Lambdak
0.019734322500000002,0.007326883844519941,Lambdak
0.019966491,0.009577122934070492,Lambdak
0.0201986595,0.012397962910373397,Lambdak
0.020430828,0.015595389704732262,Lambdak
0.0206629965,0.01910357978321068,Lambdak
0.020895165,0.022881291110408347,Lambdak
0.0211273335,0.02668342295975757,Lambdak
0.021359502000000002,0.030497964417616506,Lambdak
0.0215916705,0.03465867490140914,Lambdak
0.021823839,0.03897554626503952,Lambdak
0.022056007500000002,0.04274383035591559,Lambdak
0.022288176,0.045731358314625346,Lambdak
0.0225203445,0.048132888135075574,Lambdak
0.022752513000000002,0.04979186579210627,Lambdak
0.0229846815,0.05025003990738868,Lambdak
0.02321685,0.0493848927701657,Lambdak
0.023449018500000002,0.04766418045918382,Lambdak
0.023681187,0.04576053223046365,Lambdak
0.0239133555,0.043717467428800436,Lambdak
0.024145524,0.04103288818668999,Lambdak
0.024377692500000003,0.03763208344571056,Lambdak
0.024609861,0.034004553270246166,Lambdak
0.0248420295,0.030615873779888336,Lambdak
0.025074198000000002,0.027532433000349778,Lambdak
0.0253063665,0.024519451094532317,Lambdak
0.025538535,0.021515520206135258,Lambdak
0.025770703500000002,0.018656531745512708,Lambdak
0.026002872,0.01599305149724401,Lambdak
0.0262350405,0.013688996133597718,Lambdak
0.026467209000000002,0.011947996250143027,Lambdak
0.0266993775,0.010555290680655546,Lambdak
0.026931546,0.00910738065868687,Lambdak
0.0271637145,0.007593700919806982,Lambdak
0.027395883,0.006318204395267232,Lambdak
0.0276280515,0.005380199783782141,Lambdak
0.02786022,0.004543388456579284,Lambdak
0.0280923885,0.003644046544113025,Lambdak
0.028324557,0.0028165419201894967,Lambdak
0.0285567255,0.002227391710400639,Lambdak
0.028788894000000002,0.0018527444607289827,Lambdak
0.0290210625,0.0015437844181480326,Lambdak
0.029253231,0.0012395018756117956,Lambdak
0.029485399500000002,0.0010457129554266617,Lambdak
0.029717568,0.000990829625777361,Lambdak
0.0299497365,0.0009040216169227535,Lambdak
0.030181905000000002,0.0006761607076398503,Lambdak
0.0304140735,0.0004169453737534229,Lambdak
0.030646242,0.000256000497123778,Lambdak
0.0308784105,0.00019747433917103934,Lambdak
0.031110579,0.00017680322722780193,Lambdak
0.0313427475,0.00014792724619758907,Lambdak
0.031574915999999995,0.00011022679217589472,Lambdak
0.0318070845,7.842740645538346e-05,Lambdak
0.032039253,6.097008612252399e-05,Lambdak
0.032271421499999994,5.794909915839342e-05,Lambdak
0.03250359,6.940060982225429e-05,Lambdak
0.032735758499999996,9.515824307165028e-05,Lambdak
0.032967926999999994,0.00011708746544229446,Lambdak
0.0332000955,0.00011216538521953979,Lambdak
0.033432263999999996,8.30910276113735e-05,Lambdak
0.0336644325,5.7698104317459614e-05,Lambdak
0.033896601,5.827585388311373e-05,Lambdak
0.034128769499999996,7.053910589022952e-05,Lambdak
0.034360938,6.306619375635811e-05,Lambdak
0.0345931065,3.5798848642739034e-05,Lambdak
0.034825274999999996,1.2570937231974675e-05,Lambdak
0.0350574435,2.7795959768515873e-06,Lambdak
0.035289612,9.503239435562688e-07,Lambdak
0.035521780499999996,3.422888028390029e-06,Lambdak
0.035753949,1.2006271511174458e-05,Lambdak
0.0359861175,2.6073148599559123e-05,Lambdak
0.036218285999999995,3.476472067198742e-05,Lambdak
0.0364504545,2.8461341224594842e-05,Lambdak
0.036682623,1.4368865322335588e-05,Lambdak
0.036914791499999995,5.045321899281497e-06,Lambdak
0.03714696,4.42209583135157e-06,Lambdak
0.0373791285,1.2560714517881905e-05,Lambdak
0.037611296999999995,2.662301482973086e-05,Lambdak
0.0378434655,3.517301432115824e-05,Lambdak
0.038075634,3.033360072564525e-05,Lambdak
0.038307802499999995,2.3132666413133927e-05,Lambdak
0.038539971,2.6888496175874747e-05,Lambdak
0.0387721395,3.472729013606595e-05,Lambdak
0.039004307999999994,3.125428259490632e-05,Lambdak
0.0392364765,1.7589509645423618e-05,Lambdak
0.039468645,6.313330887932202e-06,Lambdak
0.039700813499999994,2.976513120930187e-06,Lambdak
0.039932982,7.537965645249747e-06,Lambdak
0.040165150499999996,1.979180484121016e-05,Lambdak
0.040397318999999994,3.260692056350751e-05,Lambdak
0.0406294875,3.3224245467905326e-05,Lambdak
0.040861655999999996,2.2330475156177335e-05,Lambdak
0.041093824499999994,1.5731886778285154e-05,Lambdak
0.041325993,2.249308730075179e-05,Lambdak
0.041558161499999996,3.332196631023371e-05,Lambdak
0.04179033,3.248763109357618e-05,Lambdak
0.0420224985,1.957271834889689e-05,Lambdak
0.042254666999999996,7.24345547468448e-06,Lambdak
0.0424868355,1.6457687643909163e-06,Lambdak
0.042719004,2.295616075601891e-07,Lambdak
0.042951172499999996,1.9657814782202372e-08,Lambdak
0.043183341,1.0334193539541166e-09,Lambdak
0.0434155095,3.335210874556773e-11,Lambdak
0.043647677999999995,6.608081026124601e-13,Lambdak
0.0438798465,8.03771817939294e-15,Lambdak
0.044112015,6.001993819787338e-17,Lambdak
0.044344183499999995,2.7514629356010545e-19,Lambdak
0.044576352,7.7434971662922845e-22,Lambdak
0.0448085205,1.3378763433120309e-24,Lambdak
0.045040688999999995,1.4190580415465463e-27,Lambdak
0.0452728575,9.24037715160877e-31,Lambdak
0.045505026,3.6938953707006367e-34,Lambdak
0.045737194499999995,9.06535542514413e-38,Lambdak
0.045969363,1.3658104656703516e-41,Lambdak
0.0462015315,1.2632851475875254e-45,Lambdak
0.046433699999999994,7.173278591090057e-50,Lambdak
0.0466658685,2.5005719759367013e-54,Lambdak
0.046898037,5.351387196954971e-59,Lambdak
0.047130205499999994,7.030702877175221e-64,Lambdak
0.047362374,5.670697334115501e-69,Lambdak
0.047594542499999996,2.8078864765620628e-74,Lambdak
0.047826710999999994,8.535480534306168e-80,Lambdak
0.0480588795,1.5928752385788228e-85,Lambdak
0.048291047999999996,1.8249076844816354e-91,Lambdak
0.0485232165,1.283528134239481e-97,Lambdak
0.048755385,5.542111246974083e-104,Lambdak
0.048987553499999996,1.469096890607678e-110,Lambdak
0.049219722,2.3907325460005653e-117,Lambdak
0.0494518905,2.388454112558751e-124,Lambdak
0.049684058999999996,1.4649006238706183e-131,Lambdak
0.0499162275,5.5157526186004956e-139,Lambdak
0.050148396,1.2749899150588323e-146,Lambdak
0.050380564499999995,1.8093145397289462e-154,Lambdak
0.050612733,1.5762559926824777e-162,Lambdak
0.0508449015,8.430334016697505e-171,Lambdak
0.051077069999999995,2.7680132666771517e-179,Lambdak
0.0513092385,5.579520870212469e-188,Lambdak
0.051541407,6.904480372485743e-197,Lambdak
0.051773575499999995,5.245301375798191e-206,Lambdak
0.052005744,2.446331158749037e-215,Lambdak
0.0522379125,7.004310684936116e-225,Lambdak
0.052470080999999995,1.231178180041214e-234,Lambdak
0.0527022495,1.3285618343484122e-244,Lambdak
0.052934418,8.801323587977976e-255,Lambdak
0.053166586499999995,3.5794768545452036e-265,Lambdak
0.053398755,8.937097223211169e-276,Lambdak
0.0536309235,1.369868124836729e-286,Lambdak
0.053863091999999994,1.2890399936902986e-297,Lambdak
0.0540952605,7.4466231735648e-309,Lambdak
0.054327428999999997,2.641e-320,Lambdak
0.054559597499999994,0.0,Lambdak
0.054791766,0.0,Lambdak
0.055023934499999996,0.0,Lambdak
0.055256102999999994,0.0,Lambdak
0.0554882715,0.0,Lambdak
0.055720439999999996,0.0,Lambdak
0.055952608499999994,0.0,Lambdak
0.056184777,0.0,Lambdak
0.056416945499999996,0.0,Lambdak
0.056649114,0.0,Lambdak
0.0568812825,0.0,Lambdak
0.057113450999999996,0.0,Lambdak
0.0573456195,0.0,Lambdak
0.057577788,0.0,Lambdak
0.057809956499999995,0.0,Lambdak
0.058042125,0.0,Lambdak
0.0582742935,0.0,Lambdak
0.058506461999999995,0.0,Lambdak
0.0587386305,0.0,Lambdak
0.058970799,0.0,Lambdak
0.059202967499999995,0.0,Lambdak
0.059435136,0.0,Lambdak
0.0596673045,0.0,Lambdak
0.059899472999999995,0.0,Lambdak
0.0601316415,0.0,Lambdak
0.06036381,0.0,Lambdak
0.060595978499999995,0.0,Lambdak
0.060828147,0.0,Lambdak
0.0610603155,0.0,Lambdak
0.061292483999999994,0.0,Lambdak
0.0615246525,0.0,Lambdak
0.061756820999999996,0.0,Lambdak
0.061988989499999994,0.0,Lambdak
0.062221158,0.0,Lambdak
0.062453326499999996,0.0,Lambdak
0.062685495,0.0,Lambdak
0.0629176635,0.0,Lambdak
0.063149832,0.0,Lambdak
0.06338200050000001,0.0,Lambdak
0.063614169,0.0,Lambdak
0.0638463375,0.0,Lambdak
0.06407850600000001,0.0,Lambdak
0.0643106745,0.0,Lambdak
0.064542843,0.0,Lambdak
0.06477501150000001,0.0,Lambdak
0.06500718,0.0,Lambdak
0.0652393485,0.0,Lambdak
0.065471517,0.0,Lambdak
0.0657036855,0.0,Lambdak
0.065935854,0.0,Lambdak
0.0661680225,0.0,Lambdak
0.066400191,0.0,Lambdak
0.0666323595,0.0,Lambdak
0.066864528,0.0,Lambdak
0.06709669650000001,0.0,Lambdak
0.067328865,0.0,Lambdak
0.0675610335,0.0,Lambdak
0.06779320200000001,0.0,Lambdak
0.0680253705,0.0,Lambdak
0.068257539,0.0,Lambdak
0.06848970750000001,0.0,Lambdak
0.068721876,0.0,Lambdak
0.0689540445,0.0,Lambdak
0.06918621300000001,0.0,Lambdak
0.0694183815,0.0,Lambdak
0.06965055,0.0,Lambdak
0.033346900000000006,0.0,alpha
0.06669380000000001,0.0,alpha
0.10004070000000001,0.0,alpha
0.13338760000000002,0.0,alpha
0.16673450000000004,0.0,alpha
0.20008140000000005,0.0,alpha
0.23342830000000003,0.0,alpha
0.26677520000000005,0.0,alpha
0.30012210000000006,0.0,alpha
0.33346900000000007,0.0,alpha
0.3668159000000001,0.0,alpha
0.4001628000000001,0.0,alpha
0.43350970000000005,0.0,alpha
0.46685660000000007,0.0,alpha
0.5002035,0.0,alpha
0.5335504000000001,0.0,alpha
0.5668973,0.0,alpha
0.6002442,0.0,alpha
0.6335911000000001,0.0,alpha
0.666938,0.0,alpha
0.7002849000000001,0.0,alpha
0.7336318000000001,0.0,alpha
0.7669787000000001,0.0,alpha
0.8003256000000001,0.0,alpha
0.8336725,0.0,alpha
0.8670194000000001,0.0,alpha
0.9003663000000001,0.0,alpha
0.9337132000000001,0.0,alpha
0.9670601000000001,0.0,alpha
1.0004070000000003,0.0,alpha
1.0337539000000002,0.0,alpha
1.0671008000000002,0.0,alpha
1.1004477000000001,0.0,alpha
1.1337946,0.0,alpha
1.1671415,0.0,alpha
1.2004884000000002,0.0,alpha
1.2338353000000002,0.0,alpha
1.2671822000000001,0.0,alpha
1.3005291,0.0,alpha
1.3338760000000003,0.0,alpha
1.3672229000000002,0.0,alpha
1.4005698000000002,0.0,alpha
1.4339167000000002,0.0,alpha
1.4672636000000001,0.0,alpha
1.5006105000000003,0.0,alpha
1.5339574000000002,0.0,alpha
1.5673043000000002,0.0,alpha
1.6006512000000002,0.0,alpha
1.6339981000000001,0.0,alpha
1.6673450000000003,0.0,alpha
1.7006919000000003,0.0,alpha
1.7340388000000002,0.0,alpha
1.7673857000000002,0.0,alpha
1.8007326000000003,0.0,alpha
1.8340795000000003,0.0,alpha
1.8674264000000003,0.0,alpha
1.9007733000000002,0.0,alpha
1.9341202000000002,0.0,alpha
1.9674671000000004,0.0,alpha
2.0008140000000005,0.0,alpha
2.0341609000000007,0.0,alpha
2.0675078000000005,0.0,alpha
2.1008547000000006,0.0,alpha
2.1342016000000004,0.0,alpha
2.1675485000000005,0.0,alpha
2.2008954000000007,0.0,alpha
2.2342423000000005,0.0,alpha
2.2675892000000006,0.0,alpha
2.3009361000000004,0.0,alpha
2.3342830000000006,0.0,alpha
2.3676299000000007,0.0,alpha
2.4009768000000005,0.0,alpha
2.4343237000000006,0.0,alpha
2.4676706000000004,0.0,alpha
2.5010175000000006,0.0,alpha
2.5343644000000007,0.0,alpha
2.5677113000000005,0.0,alpha
2.6010582000000007,0.0,alpha
2.634405100000001,1.9552629621543026e-289,alpha
2.6677520000000006,7.064805235118879e-243,alpha
2.7010989000000007,1.8030152905753108e-200,alpha
2.7344458000000005,3.2501456403669827e-162,alpha
2.7677927000000007,4.1381900407790154e-128,alpha
2.801139600000001,3.721536101691938e-98,alpha
2.8344865000000006,2.363949734761485e-72,alpha
2.8678334000000008,1.060616637806013e-50,alpha
2.9011803000000005,3.361110802468028e-33,alpha
2.9345272000000007,7.523352662392938e-20,alpha
2.967874100000001,1.1894448748393756e-10,alpha
3.0012210000000006,1.3287402681385156e-05,alpha
3.0345679000000008,0.0001678552327922317,alpha
3.0679148000000005,0.00019382536237707627,alpha
3.1012617000000007,0.0005003909046361436,alpha
3.134608600000001,0.003584505827345137,alpha
3.1679555000000006,0.010604840753043855,alpha
3.2013024000000008,0.026357080834777304,alpha
3.2346493000000005,0.05791539891848386,alpha
3.2679962000000007,0.11424428006216197,alpha
3.301343100000001,0.17737018183545591,alpha
3.3346900000000006,0.21544095437394814,alpha
3.3680369000000008,0.18327924412330796,alpha
3.401383800000001,0.1189485060811592,alpha
3.4347307000000007,0.05572234058673509,alpha
3.468077600000001,0.024879522942796408,alpha
3.5014245000000006,0.007744924952795538,alpha
3.534771400000001,0.0020229323274302234,alpha
3.568118300000001,0.0008975660281447923,alpha
3.6014652000000007,0.00011233518239365736,alpha
3.634812100000001,2.6148588997878854e-08,alpha
3.6681590000000006,5.417809365233244e-16,alpha
3.701505900000001,8.057964555220809e-28,alpha
3.734852800000001,8.474586388467699e-44,alpha
3.7681997000000007,6.295780538778005e-64,alpha
3.801546600000001,3.303597877929958e-88,alpha
3.8348935000000006,1.2244163881010214e-116,alpha
3.868240400000001,3.2053488069956247e-149,alpha
3.901587300000001,5.926873476907852e-186,alpha
3.9349342000000007,7.740699577528391e-227,alpha
3.968281100000001,7.140670032787485e-272,alpha
4.001628000000001,4.654e-321,alpha
4.034974900000001,0.0,alpha
4.0683218000000005,0.0,alpha
4.1016687,0.0,alpha
4.1350156,0.0,alpha
4.168362500000001,0.0,alpha
4.2017094,0.0,alpha
4.2350563,0.0,alpha
4.268403200000001,0.0,alpha
4.3017501000000005,0.0,alpha
4.335097,0.0,alpha
4.368443900000001,0.0,alpha
4.401790800000001,0.0,alpha
4.4351377,0.0,alpha
4.468484600000001,0.0,alpha
4.501831500000001,0.0,alpha
4.5351784,0.0,alpha
4.5685253,0.0,alpha
4.601872200000001,0.0,alpha
4.6352191000000005,0.0,alpha
4.668566,0.0,alpha
4.701912900000001,0.0,alpha
4.735259800000001,0.0,alpha
4.7686067,0.0,alpha
4.801953600000001,0.0,alpha
4.835300500000001,0.0,alpha
4.8686474,0.0,alpha
4.9019943,0.0,alpha
4.935341200000001,0.0,alpha
4.9686881000000005,0.0,alpha
5.002035,0.0,alpha
5.035381900000001,0.0,alpha
5.068728800000001,0.0,alpha
5.1020757,0.0,alpha
5.135422600000001,0.0,alpha
5.168769500000001,0.0,alpha
5.2021164,0.0,alpha
5.235463300000001,0.0,alpha
5.268810200000001,0.0,alpha
5.3021571000000005,0.0,alpha
5.335504,0.0,alpha
5.368850900000001,0.0,alpha
5.402197800000001,0.0,alpha
5.4355447,0.0,alpha
5.468891600000001,0.0,alpha
5.502238500000001,0.0,alpha
5.5355854,0.0,alpha
5.568932300000001,0.0,alpha
5.602279200000001,0.0,alpha
5.6356261000000005,0.0,alpha
5.668973,0.0,alpha
5.702319900000001,0.0,alpha
5.735666800000001,0.0,alpha
5.7690137,0.0,alpha
5.802360600000001,0.0,alpha
5.835707500000001,0.0,alpha
5.8690544000000004,0.0,alpha
5.902401300000001,0.0,alpha
5.935748200000001,0.0,alpha
5.9690951000000005,0.0,alpha
6.002442000000001,0.0,alpha
6.035788900000001,0.0,alpha
6.069135800000001,0.0,alpha
6.1024827,0.0,alpha
6.135829600000001,0.0,alpha
6.169176500000001,0.0,alpha
6.2025234000000005,0.0,alpha
6.235870300000001,0.0,alpha
6.269217200000001,0.0,alpha
6.302564100000001,0.0,alpha
6.335911000000001,0.0,alpha
6.369257900000001,0.0,alpha
6.402604800000001,0.0,alpha
6.4359517,0.0,alpha
6.469298600000001,0.0,alpha
6.502645500000001,0.0,alpha
6.5359924000000005,0.0,alpha
6.569339300000001,0.0,alpha
6.602686200000001,0.0,alpha
6.636033100000001,0.0,alpha
6.669380000000001,0.0,alpha
6.702726900000001,0.0,alpha
6.736073800000001,0.0,alpha
6.769420700000001,0.0,alpha
6.802767600000001,0.0,alpha
6.836114500000001,0.0,alpha
6.8694614000000005,0.0,alpha
6.902808300000001,0.0,alpha
6.936155200000001,0.0,alpha
6.969502100000001,0.0,alpha
7.002849000000001,0.0,alpha
7.036195900000001,0.0,alpha
7.069542800000001,0.0,alpha
7.102889700000001,0.0,alpha
7.136236600000001,0.0,alpha
7.169583500000001,0.0,alpha
7.202930400000001,0.0,alpha
7.236277300000001,0.0,alpha
7.269624200000001,0.0,alpha
7.302971100000001,0.0,alpha
7.336318000000001,0.0,alpha
7.369664900000001,0.0,alpha
7.403011800000001,0.0,alpha
7.436358700000001,0.0,alpha
7.469705600000001,0.0,alpha
7.503052500000001,0.0,alpha
7.536399400000001,0.0,alpha
7.569746300000001,0.0,alpha
7.603093200000001,0.0,alpha
7.636440100000001,0.0,alpha
7.669787000000001,0.0,alpha
7.703133900000001,0.0,alpha
7.736480800000001,0.0,alpha
7.769827700000001,0.0,alpha
7.803174600000001,0.0,alpha
7.836521500000001,0.0,alpha
7.869868400000001,0.0,alpha
7.903215300000001,0.0,alpha
7.936562200000001,0.0,alpha
7.9699091000000015,0.0,alpha
8.003256000000002,0.0,alpha
8.036602900000002,0.0,alpha
8.069949800000002,0.0,alpha
8.103296700000001,0.0,alpha
8.136643600000001,0.0,alpha
8.1699905,0.0,alpha
8.2033374,0.0,alpha
8.2366843,0.0,alpha
8.270031200000002,0.0,alpha
8.303378100000002,0.0,alpha
8.336725000000001,0.0,alpha
8.370071900000001,0.0,alpha
8.4034188,0.0,alpha
8.4367657,0.0,alpha
8.470112600000002,0.0,alpha
8.503459500000002,0.0,alpha
8.536806400000001,0.0,alpha
8.570153300000001,0.0,alpha
8.603500200000001,0.0,alpha
8.6368471,0.0,alpha
8.670194,0.0,alpha
8.703540900000002,0.0,alpha
8.736887800000002,0.0,alpha
8.770234700000001,0.0,alpha
8.803581600000001,0.0,alpha
8.8369285,0.0,alpha
8.8702754,0.0,alpha
8.903622300000002,0.0,alpha
8.936969200000002,0.0,alpha
8.970316100000002,0.0,alpha
9.003663000000001,0.0,alpha
9.037009900000001,0.0,alpha
9.0703568,0.0,alpha
9.1037037,0.0,alpha
9.137050600000002,0.0,alpha
9.170397500000002,0.0,alpha
9.203744400000001,0.0,alpha
9.237091300000001,0.0,alpha
9.270438200000001,0.0,alpha
9.3037851,0.0,alpha
9.337132000000002,0.0,alpha
9.370478900000002,0.0,alpha
9.403825800000002,0.0,alpha
9.437172700000001,0.0,alpha
9.470519600000001,0.0,alpha
9.5038665,0.0,alpha
9.5372134,0.0,alpha
9.570560300000002,0.0,alpha
9.603907200000002,0.0,alpha
9.637254100000002,0.0,alpha
9.670601000000001,0.0,alpha
9.703947900000001,0.0,alpha
9.7372948,0.0,alpha
9.7706417,0.0,alpha
9.803988600000002,0.0,alpha
9.837335500000002,0.0,alpha
9.870682400000002,0.0,alpha
9.904029300000001,0.0,alpha
9.937376200000001,0.0,alpha
9.9707231,0.0,alpha
10.00407,0.0,alpha
0.0006699130000000001,2.4434949485876577e-287,phi_star
0.0013398260000000001,1.072877919428436e-278,phi_star
0.002009739,3.456301052380365e-270,phi_star
0.0026796520000000002,8.169495057909608e-262,phi_star
0.0033495650000000005,1.4167762230322944e-253,phi_star
0.004019478000000001,1.8027259051472704e-245,phi_star
0.004689391,1.6829861189088705e-237,phi_star
0.0053593040000000005,1.1527994560840082e-229,phi_star
0.006029217000000001,5.793611724397622e-222,phi_star
0.006699130000000001,2.1363254011143694e-214,phi_star
0.007369043000000001,5.779733539953456e-207,phi_star
0.008038956,1.1472831728778382e-199,phi_star
0.008708869,1.6709206467856652e-192,phi_star
0.009378782,1.7855146649098425e-185,phi_star
0.010048695,1.3998883913519926e-178,phi_star
0.010718608000000001,8.052779311267202e-172,phi_star
0.011388521,3.398760614868459e-165,phi_star
0.012058434,1.0524894498773775e-158,phi_star
0.012728347000000001,2.391317928493753e-152,phi_star
0.01339826,3.9863853962937423e-146,phi_star
0.014068173000000002,4.875774828583876e-140,phi_star
0.014738086000000001,4.375527253954109e-134,phi_star
0.015407999,2.880975334873745e-128,phi_star
0.016077912000000003,1.3917815708119937e-122,phi_star
0.016747825,4.933157910039636e-117,phi_star
0.017417738000000002,1.2829252353293152e-111,phi_star
0.018087651000000003,2.4479360766497593e-106,phi_star
0.018757564000000004,3.4270559306447776e-101,phi_star
0.019427477000000002,3.5201786640665405e-96,phi_star
0.020097390000000003,2.6529594680891176e-91,phi_star
0.020767303000000004,1.4669621820015222e-86,phi_star
0.021437216000000002,5.951543545924572e-82,phi_star
0.022107129000000003,1.771587909482617e-77,phi_star
0.022777042000000004,3.8691734086063804e-73,phi_star
0.023446955000000002,6.200062615842914e-69,phi_star
0.024116868000000003,7.28947668585113e-65,phi_star
0.024786781000000004,6.288093945435048e-61,phi_star
0.025456694000000002,3.9798260127676907e-57,phi_star
0.026126607000000003,1.8481258670295177e-53,phi_star
0.026796520000000004,6.296821749318959e-50,phi_star
0.027466433000000005,1.5741048165920737e-46,phi_star
0.028136346000000003,2.8871429715282104e-43,phi_star
0.028806259000000004,3.885306888902756e-40,phi_star
0.029476172000000005,3.836231084782426e-37,phi_star
0.030146085000000003,2.7791154368710763e-34,phi_star
0.030815998000000004,1.4771711177948853e-31,phi_star
0.031485911000000005,5.760728705363495e-29,phi_star
0.032155824000000006,1.6483386167311216e-26,phi_star
0.032825737,3.460491908106238e-24,phi_star
0.03349565,5.330299816854968e-22,phi_star
0.034165563,6.024039810397259e-20,phi_star
0.034835476000000004,4.995125766203045e-18,phi_star
0.035505389000000005,3.038977104361119e-16,phi_star
0.036175302000000006,1.3565345577638618e-14,phi_star
0.03684521500000001,4.4428004783943653e-13,phi_star
0.037515128,1.0675925287239084e-11,phi_star
0.038185041,1.882252141418465e-10,phi_star
0.038854954000000004,2.4348717796114856e-09,phi_star
0.039524867000000005,2.3110433706428273e-08,phi_star
0.040194780000000006,1.6095250554647705e-07,phi_star
0.04086469300000001,8.226586143514476e-07,phi_star
0.041534606,3.0874944264840213e-06,phi_star
0.042204519,8.52274040945502e-06,phi_star
0.042874432000000004,1.7392634407285814e-05,phi_star
0.043544345000000005,2.664868301089297e-05,phi_star
0.044214258000000006,3.201796461876277e-05,phi_star
0.04488417100000001,3.33778500967972e-05,phi_star
0.04555408400000001,3.512665607791183e-05,phi_star
0.046223997,4.1296195138609284e-05,phi_star
0.046893910000000004,5.6089747421864124e-05,phi_star
0.047563823000000005,8.913573971962391e-05,phi_star
0.048233736000000006,0.00015336093890644669,phi_star
0.04890364900000001,0.0002579518081311663,phi_star
0.04957356200000001,0.00040978966652189614,phi_star
0.050243475,0.0006254134816617375,phi_star
0.050913388000000004,0.0009433826102922363,phi_star
0.051583301000000005,0.0014164229601993474,phi_star
0.052253214000000006,0.0020746236458863763,phi_star
0.05292312700000001,0.0029068462762025494,phi_star
0.05359304000000001,0.0039059832375895,phi_star
0.05426295300000001,0.005117136209248895,phi_star
0.054932866000000004,0.00660701103776578,phi_star
0.055602779000000005,0.008390649628412192,phi_star
0.056272692000000006,0.010397192062452997,phi_star
0.05694260500000001,0.012510956315285614,phi_star
0.05761251800000001,0.014674926410268884,phi_star
0.05828243100000001,0.016962269577671885,phi_star
0.058952344000000004,0.01952559220619981,phi_star
0.059622257000000005,0.022461071089016994,phi_star
0.060292170000000006,0.025683271680944714,phi_star
0.06096208300000001,0.028901848447474003,phi_star
0.06163199600000001,0.03174776911318352,phi_star
0.06230190900000001,0.03397075652898585,phi_star
0.062971822,0.03557596954084815,phi_star
0.063641735,0.03679520331558147,phi_star
0.064311648,0.03786617905231824,phi_star
0.064981561,0.038810617133084355,phi_star
0.065651474,0.03944608803070725,phi_star
0.066321387,0.0395768069615393,phi_star
0.0669913,0.03914847149926677,phi_star
0.067661213,0.03826709586201207,phi_star
0.068331126,0.03709261110860065,phi_star
0.069001039,0.03569918060461478,phi_star
0.069670952,0.034048811711514256,phi_star
0.070340865,0.03209810533351742,phi_star
0.071010778,0.029897941184097686,phi_star
0.071680691,0.027593359933974878,phi_star
0.072350604,0.025331521237483754,phi_star
0.07302051700000001,0.02316690237665599,phi_star
0.07369043,0.02110781672856906,phi_star
0.074360343,0.019224919438527763,phi_star
0.075030256,0.017581143474375265,phi_star
0.075700169,0.01610155903280635,phi_star
0.076370082,0.01466693306219463,phi_star
0.077039995,0.013271265908632332,phi_star
0.07770990800000001,0.011962681205796188,phi_star
0.078379821,0.01071935261732803,phi_star
0.079049734,0.009501513227792002,phi_star
0.079719647,0.008352297685331321,phi_star
0.08038956,0.007336832436824738,phi_star
0.081059473,0.006436238876511377,phi_star
0.081729386,0.005591087537063011,phi_star
0.082399299,0.004801331484414998,phi_star
0.083069212,0.004121655172336728,phi_star
0.083739125,0.0035882247999566193,phi_star
0.084409038,0.003183317513653725,phi_star
0.085078951,0.0028578929228587307,phi_star
0.08574886400000001,0.002567818425395377,phi_star
0.086418777,0.002292626977751556,phi_star
0.08708869,0.002031151325311288,phi_star
0.087758603,0.0017783768585167906,phi_star
0.088428516,0.0015140342119225692,phi_star
0.089098429,0.001229372958311608,phi_star
0.089768342,0.0009541874058945863,phi_star
0.09043825500000001,0.0007365298810373132,phi_star
0.091108168,0.0006010151493802109,phi_star
0.091778081,0.000534965908372008,phi_star
0.092447994,0.0005064693140164259,phi_star
0.093117907,0.00048781573605691036,phi_star
0.09378782000000001,0.0004629357357441842,phi_star
0.094457733,0.00042421423901681737,phi_star
0.095127646,0.00037359599096639944,phi_star
0.095797559,0.00032254249432190783,phi_star
0.096467472,0.0002831770157474988,phi_star
0.097137385,0.0002588808080274832,phi_star
0.097807298,0.00024182145428016907,phi_star
0.09847721100000001,0.00022001049158876536,phi_star
0.099147124,0.00019080998280461263,phi_star
0.099817037,0.00016413463769964084,phi_star
0.10048695,0.00014774949564037585,phi_star
0.101156863,0.00013573004122745345,phi_star
0.10182677600000001,0.0001175418283159534,phi_star
0.102496689,9.194245028256416e-05,phi_star
0.10316660200000001,6.523733170315587e-05,phi_star
0.103836515,4.19786874865292e-05,phi_star
0.104506428,2.3523349204265806e-05,phi_star
0.105176341,1.0797468569386139e-05,phi_star
0.105846254,3.8630945366301984e-06,phi_star
0.10651616700000001,1.0481818291885906e-06,phi_star
0.10718608,2.357494655538193e-07,phi_star
0.10785599300000001,2.032608690786564e-07,phi_star
0.108525906,8.714899676677348e-07,phi_star
0.109195819,3.21736300502483e-06,phi_star
0.10986573200000001,8.747972337177655e-06,phi_star
0.110535645,1.7453119510878506e-05,phi_star
0.11120555800000001,2.554829379433427e-05,phi_star
0.111875471,2.7439308332799945e-05,phi_star
0.112545384,2.1622556219642513e-05,phi_star
0.113215297,1.2501726869257728e-05,phi_star
0.11388521,5.305881513282322e-06,phi_star
0.11455512300000001,1.6754106027950488e-06,phi_star
0.115225036,5.478921343119725e-07,phi_star
0.11589494900000001,9.274900086457225e-07,phi_star
0.116564862,3.214006577206982e-06,phi_star
0.117234775,8.727064868529395e-06,phi_star
0.11790468800000001,1.7425865083152577e-05,phi_star
0.118574601,2.5531763656687392e-05,phi_star
0.11924451400000001,2.7450491549388683e-05,phi_star
0.119914427,2.1687014769696846e-05,phi_star
0.12058434000000001,1.2781766633284704e-05,phi_star
0.121254253,6.517971191752801e-06,phi_star
0.121924166,5.800520812129749e-06,phi_star
0.12259407900000001,1.0884649052871815e-05,phi_star
0.123263992,1.960776847434707e-05,phi_star
0.12393390500000001,2.6684184381498534e-05,phi_star
0.124603818,2.6715801580801343e-05,phi_star
0.125273731,1.962954293947001e-05,phi_star
0.125943644,1.0582397115488738e-05,phi_star
0.12661355700000002,4.18582601399627e-06,phi_star
0.12728347,1.2147887525829307e-06,phi_star
0.127953383,2.586680286502405e-07,phi_star
0.128623296,4.041170178116596e-08,phi_star
0.129293209,4.632270588080174e-09,phi_star
0.12996312200000001,3.8958577900630934e-10,phi_star
0.130633035,2.404001118169111e-11,phi_star
0.131302948,1.0884002420446937e-12,phi_star
0.131972861,3.615471884120017e-14,phi_star
0.13264277400000002,8.811781952252492e-16,phi_star
0.133312687,1.5757411982371035e-17,phi_star
0.1339826,2.0674186628918085e-19,phi_star
0.134652513,1.990189219406783e-21,phi_star
0.135322426,1.4056678144700844e-23,phi_star
0.13599233900000002,7.284393983162208e-26,phi_star
0.136662252,2.7696605654862827e-28,phi_star
0.137332165,7.726486723278859e-31,phi_star
0.138002078,1.5814664110302472e-33,phi_star
0.138671991,2.3749817486043742e-36,phi_star
0.13934190400000002,2.6168749815950705e-39,phi_star
0.140011817,2.1155732567589228e-42,phi_star
0.14068173,1.2548608097369748e-45,phi_star
0.141351643,5.461166763356784e-49,phi_star
0.14202155600000002,1.7438041836211186e-52,phi_star
0.14269146900000002,4.085379323874378e-56,phi_star
0.143361382,7.022462883655144e-60,phi_star
0.144031295,8.856638384945951e-64,phi_star
0.144701208,8.195411556078987e-68,phi_star
0.14537112100000002,5.564101160306402e-72,phi_star
0.14604103400000001,2.771670894105182e-76,phi_star
0.146710947,1.0130029258884073e-80,phi_star
0.14738086,2.716452609115951e-85,phi_star
0.148050773,5.344609266989517e-90,phi_star
0.14872068600000002,7.715288714197311e-95,phi_star
0.149390599,8.171669606151953e-100,phi_star
0.150060512,6.350264433060395e-105,phi_star
0.150730425,3.620722292417224e-110,phi_star
0.151400338,1.5146804365078188e-115,phi_star
0.15207025100000002,4.649103459004163e-121,phi_star
0.152740164,1.0469834100958747e-126,phi_star
0.153410077,1.729946944229008e-132,phi_star
0.15407999,2.0972401448375282e-138,phi_star
0.15474990300000002,1.865459974162211e-144,phi_star
0.15541981600000002,1.2174358953607916e-150,phi_star
0.156089729,5.829464533963765e-157,phi_star
0.156759642,2.0480172999120166e-163,phi_star
0.157429555,5.279113165543049e-170,phi_star
0.15809946800000002,9.984141268482691e-177,phi_star
0.15876938100000001,1.3854244804967751e-183,phi_star
0.159439294,1.4105139702415016e-190,phi_star
0.160109207,1.0536450252936188e-197,phi_star
0.16077912,5.774756077862764e-205,phi_star
0.16144903300000002,2.3221772325200508e-212,phi_star
0.162118946,6.8514023994079474e-220,phi_star
0.162788859,1.4831530958861145e-227,phi_star
0.163458772,2.355672349871951e-235,phi_star
0.164128685,2.7451506354959697e-243,phi_star
0.16479859800000002,2.34714473779096e-251,phi_star
0.165468511,1.472434405222132e-259,phi_star
0.166138424,6.777264517724142e-268,phi_star
0.166808337,2.288733945480833e-276,phi_star
0.16747825000000002,5.6709860611396976e-285,phi_star
0.16814816300000002,1.0309657631660918e-293,phi_star
0.168818076,1.375157054901947e-302,phi_star
0.169487989,1.345806909534e-311,phi_star
0.170157902,9.664e-321,phi_star
0.17082781500000002,0.0,phi_star
0.17149772800000002,0.0,phi_star
0.172167641,0.0,phi_star
0.172837554,0.0,phi_star
0.173507467,0.0,phi_star
0.17417738000000002,0.0,phi_star
0.17484729300000001,0.0,phi_star
0.175517206,0.0,phi_star
0.176187119,0.0,phi_star
0.176857032,0.0,phi_star
0.17752694500000002,0.0,phi_star
0.178196858,0.0,phi_star
0.178866771,0.0,phi_star
0.179536684,0.0,phi_star
0.18020659700000002,0.0,phi_star
0.18087651000000002,0.0,phi_star
0.181546423,0.0,phi_star
0.182216336,0.0,phi_star
0.182886249,0.0,phi_star
0.18355616200000002,0.0,phi_star
0.18422607500000002,0.0,phi_star
0.184895988,0.0,phi_star
0.185565901,0.0,phi_star
0.186235814,0.0,phi_star
0.18690572700000002,0.0,phi_star
0.18757564000000002,0.0,phi_star
0.188245553,0.0,phi_star
0.188915466,0.0,phi_star
0.189585379,0.0,phi_star
0.19025529200000002,0.0,phi_star
0.19092520500000001,0.0,phi_star
0.191595118,0.0,phi_star
0.192265031,0.0,phi_star
0.19293494400000002,0.0,phi_star
0.19360485700000002,0.0,phi_star
0.19427477,0.0,phi_star
0.194944683,0.0,phi_star
0.195614596,0.0,phi_star
0.19628450900000002,0.0,phi_star
0.19695442200000002,0.0,phi_star
0.197624335,0.0,phi_star
0.198294248,0.0,phi_star
0.198964161,0.0,phi_star
0.19963407400000002,0.0,phi_star
0.20030398700000002,0.0,phi_star
0.2009739,0.0,phi_star
0.00449116,0.0,width_min
0.008982319999999998,0.0,width_min
0.01347348,0.0,width_min
0.017964639999999997,0.0,width_min
0.022455799999999998,0.0,width_min
0.02694696,0.0,width_min
0.03143811999999999,0.0,width_min
0.035929279999999994,0.0,width_min
0.040420439999999995,0.0,width_min
0.044911599999999996,0.0,width_min
0.04940276,0.0,width_min
0.05389391999999999,0.0,width_min
0.05838507999999999,0.0,width_min
0.06287623999999999,0.0,width_min
0.06736739999999998,0.0,width_min
0.07185855999999999,0.0,width_min
0.07634971999999998,0.0,width_min
0.08084087999999998,0.0,width_min
0.08533203999999998,0.0,width_min
0.08982319999999998,0.0,width_min
0.09431435999999999,0.0,width_min
0.09880551999999998,0.0,width_min
0.10329667999999997,0.0,width_min
0.10778783999999998,0.0,width_min
0.11227899999999998,0.0,width_min
0.11677015999999997,0.0,width_min
0.12126131999999998,0.0,width_min
0.12575247999999997,0.0,width_min
0.13024363999999997,0.0,width_min
0.13473479999999996,0.0,width_min
0.13922595999999998,0.0,width_min
0.14371711999999998,0.0,width_min
0.14820827999999997,0.0,width_min
0.15269943999999996,0.0,width_min
0.15719059999999996,0.0,width_min
0.16168175999999998,0.0,width_min
0.16617291999999997,0.0,width_min
0.17066407999999997,0.0,width_min
0.17515523999999996,0.0,width_min
0.17964639999999996,0.0,width_min
0.18413755999999998,0.0,width_min
0.18862871999999997,4.95597115010255e-306,width_min
0.19311987999999997,9.860060615072857e-288,width_min
0.19761103999999996,5.235480957551975e-270,width_min
0.20210219999999995,7.419245947665602e-253,width_min
0.20659335999999995,2.8060094953739573e-236,width_min
0.21108451999999997,2.8323354546161173e-220,width_min
0.21557567999999996,7.630033163452497e-205,width_min
0.22006683999999996,5.485728967734986e-190,width_min
0.22455799999999995,1.0526123280979682e-175,width_min
0.22904915999999995,5.390496170799107e-162,width_min
0.23354031999999997,7.367416390361986e-149,width_min
0.23803147999999996,2.687372534695774e-136,width_min
0.24252263999999996,2.616174552662513e-124,width_min
0.24701379999999995,6.79722653284838e-113,width_min
0.25150495999999994,4.713276905203905e-102,width_min
0.25599611999999994,8.722487404091266e-92,width_min
0.26048727999999993,4.30808170104034e-82,width_min
0.2649784399999999,5.678762361555523e-73,width_min
0.2694696,1.997789120758097e-64,width_min
0.27396075999999997,1.875736272182095e-56,width_min
0.27845191999999996,4.700240647273934e-49,width_min
0.28294307999999996,3.143363424145099e-42,width_min
0.28743423999999995,5.610418801754641e-36,width_min
0.29192539999999995,2.672527307619657e-30,width_min
0.29641655999999994,3.397623141188271e-25,width_min
0.30090771999999993,1.1528012660738244e-20,width_min
0.30539887999999993,1.0439023323058389e-16,width_min
0.3098900399999999,2.5228502656710855e-13,width_min
0.3143811999999999,1.6272312200066233e-10,width_min
0.31887235999999997,2.8011300576851733e-08,width_min
0.32336351999999996,1.2868988345850293e-06,width_min
0.32785467999999995,1.5780206868697328e-05,width_min
0.33234583999999995,5.176365990327483e-05,width_min
0.33683699999999994,4.884640908485819e-05,width_min
0.34132815999999994,4.14204409439711e-05,width_min
0.34581931999999993,9.024237127459566e-05,width_min
0.3503104799999999,0.00017779535299057643,width_min
0.3548016399999999,0.0003309090718882315,width_min
0.3592927999999999,0.0003717336135643815,width_min
0.36378395999999996,0.000371662154363739,width_min
0.36827511999999996,0.0006187460045646752,width_min
0.37276627999999995,0.0013230694534766628,width_min
0.37725743999999994,0.0021532985477395027,width_min
0.38174859999999994,0.002566636120320806,width_min
0.38623975999999993,0.00347326202252624,width_min
0.3907309199999999,0.005101781956638344,width_min
0.3952220799999999,0.007171687931294063,width_min
0.3997132399999999,0.010296548065830493,width_min
0.4042043999999999,0.014341438840827715,width_min
0.4086955599999999,0.01902714522316122,width_min
0.41318671999999995,0.024868355874653685,width_min
0.41767787999999995,0.03111000858155423,width_min
0.42216903999999994,0.037955213231677914,width_min
0.42666019999999993,0.046028098962579,width_min
0.43115135999999993,0.05418481981519901,width_min
0.4356425199999999,0.06155747250559166,width_min
0.4401336799999999,0.06850233541909494,width_min
0.4446248399999999,0.07301340429488418,width_min
0.4491159999999999,0.07490744450662927,width_min
0.4536071599999999,0.07632641672875742,width_min
0.4580983199999999,0.07316182851753002,width_min
0.46258947999999994,0.06659493229166116,width_min
0.46708063999999994,0.05838856546971781,width_min
0.47157179999999993,0.05019476852496364,width_min
0.4760629599999999,0.041527494175853996,width_min
0.4805541199999999,0.03210491216881481,width_min
0.4850452799999999,0.023295366892957123,width_min
0.4895364399999999,0.0162925266614678,width_min
0.4940275999999999,0.010250700502451075,width_min
0.4985187599999999,0.005874938039293938,width_min
0.5030099199999999,0.00326562301895918,width_min
0.5075010799999999,0.001562059091605778,width_min
0.51199224,0.0007174948329841265,width_min
0.5164833999999999,0.00039063948295652056,width_min
0.52097456,0.00023186351417973567,width_min
0.5254657199999999,9.659274958077473e-05,width_min
0.52995688,1.9600064210435395e-05,width_min
0.53444804,1.4114659629891485e-06,width_min
0.5389392,2.991929963002123e-08,width_min
0.54343036,1.7428215366968567e-10,width_min
0.5479215199999999,2.7323580162771535e-13,width_min
0.55241268,1.1460344690053991e-16,width_min
0.5569038399999999,1.2837647907162068e-20,width_min
0.561395,3.838718170452677e-25,width_min
0.5658861599999999,3.0636433023977104e-30,width_min
0.57037732,6.525646899080789e-36,width_min
0.5748684799999999,3.709686489052374e-42,width_min
0.57935964,5.628305097273431e-49,width_min
0.5838508,2.279000458477654e-56,width_min
0.5883419599999999,2.462846972523144e-64,width_min
0.59283312,7.103242514967299e-73,width_min
0.5973242799999999,5.467666855542485e-82,width_min
0.60181544,1.123242774327438e-91,width_min
0.6063065999999999,6.158449812099323e-102,width_min
0.61079776,9.011464246194555e-113,width_min
0.6152889199999999,3.519212614671937e-124,width_min
0.61978008,3.667936696972866e-136,width_min
0.6242712399999999,1.0202916729755328e-148,width_min
0.6287623999999999,7.574483727818637e-162,width_min
0.63325356,1.5007484931932663e-175,width_min
0.6377447199999999,7.935768301313374e-190,width_min
0.64223588,1.1199437927055004e-204,width_min
0.6467270399999999,4.218224200978137e-220,width_min
0.6512182,4.2402286422962356e-236,width_min
0.6557093599999999,1.1375619995498172e-252,width_min
0.66020052,8.144924461608005e-270,width_min
0.6646916799999999,1.5564143637722996e-287,width_min
0.66918284,7.937606836189941e-306,width_min
0.6736739999999999,0.0,width_min
0.6781651599999999,0.0,width_min
0.68265632,0.0,width_min
0.6871474799999999,0.0,width_min
0.69163864,0.0,width_min
0.6961297999999999,0.0,width_min
0.70062096,0.0,width_min
0.7051121199999999,0.0,width_min
0.70960328,0.0,width_min
0.7140944399999999,0.0,width_min
0.7185855999999999,0.0,width_min
0.72307676,0.0,width_min
0.7275679199999999,0.0,width_min
0.73205908,0.0,width_min
0.7365502399999999,0.0,width_min
0.7410414,0.0,width_min
0.7455325599999999,0.0,width_min
0.75002372,0.0,width_min
0.7545148799999999,0.0,width_min
0.7590060399999999,0.0,width_min
0.7634971999999999,0.0,width_min
0.7679883599999999,0.0,width_min
0.77247952,0.0,width_min
0.7769706799999999,0.0,width_min
0.78146184,0.0,width_min
0.7859529999999999,0.0,width_min
0.79044416,0.0,width_min
0.7949353199999999,0.0,width_min
0.7994264799999999,0.0,width_min
0.8039176399999999,0.0,width_min
0.8084087999999999,0.0,width_min
0.8128999599999999,0.0,width_min
0.8173911199999999,0.0,width_min
0.82188228,0.0,width_min
0.8263734399999999,0.0,width_min
0.8308646,0.0,width_min
0.8353557599999999,0.0,width_min
0.8398469199999999,0.0,width_min
0.8443380799999999,0.0,width_min
0.8488292399999999,0.0,width_min
0.8533203999999999,0.0,width_min
0.8578115599999999,0.0,width_min
0.8623027199999999,0.0,width_min
0.8667938799999999,0.0,width_min
0.87128504,0.0,width_min
0.8757761999999999,0.0,width_min
0.8802673599999999,0.0,width_min
0.8847585199999999,0.0,width_min
0.8892496799999999,0.0,width_min
0.8937408399999999,0.0,width_min
0.8982319999999999,0.0,width_min
0.9027231599999999,0.0,width_min
0.9072143199999999,0.0,width_min
0.9117054799999998,0.0,width_min
0.9161966399999999,0.0,width_min
0.9206878,0.0,width_min
0.9251789599999999,0.0,width_min
0.9296701199999999,0.0,width_min
0.9341612799999999,0.0,width_min
0.9386524399999999,0.0,width_min
0.9431435999999999,0.0,width_min
0.9476347599999999,0.0,width_min
0.9521259199999998,0.0,width_min
0.9566170799999999,0.0,width_min
0.9611082399999998,0.0,width_min
0.9655993999999999,0.0,width_min
0.9700905599999999,0.0,width_min
0.9745817199999999,0.0,width_min
0.9790728799999999,0.0,width_min
0.9835640399999999,0.0,width_min
0.9880551999999999,0.0,width_min
0.9925463599999998,0.0,width_min
0.9970375199999999,0.0,width_min
1.0015286799999998,0.0,width_min
1.0060198399999998,0.0,width_min
1.0105109999999997,0.0,width_min
1.0150021599999999,0.0,width_min
1.0194933199999998,0.0,width_min
1.0239844799999998,0.0,width_min
1.0284756399999997,0.0,width_min
1.0329667999999999,0.0,width_min
1.0374579599999998,0.0,width_min
1.0419491199999997,0.0,width_min
1.0464402799999997,0.0,width_min
1.0509314399999998,0.0,width_min
1.0554225999999998,0.0,width_min
1.0599137599999997,0.0,width_min
1.0644049199999999,0.0,width_min
1.0688960799999998,0.0,width_min
1.0733872399999997,0.0,width_min
1.0778783999999997,0.0,width_min
1.0823695599999998,0.0,width_min
1.0868607199999998,0.0,width_min
1.0913518799999997,0.0,width_min
1.0958430399999997,0.0,width_min
1.1003341999999998,0.0,width_min
1.1048253599999998,0.0,width_min
1.1093165199999997,0.0,width_min
1.1138076799999999,0.0,width_min
1.1182988399999998,0.0,width_min
1.1227899999999997,0.0,width_min
1.1272811599999997,0.0,width_min
1.1317723199999998,0.0,width_min
1.1362634799999998,0.0,width_min
1.1407546399999997,0.0,width_min
1.1452457999999996,0.0,width_min
1.1497369599999998,0.0,width_min
1.1542281199999997,0.0,width_min
1.1587192799999997,0.0,width_min
1.1632104399999998,0.0,width_min
1.1677015999999998,0.0,width_min
1.1721927599999997,0.0,width_min
1.1766839199999997,0.0,width_min
1.1811750799999998,0.0,width_min
1.1856662399999998,0.0,width_min
1.1901573999999997,0.0,width_min
1.1946485599999996,0.0,width_min
1.1991397199999998,0.0,width_min
1.2036308799999997,0.0,width_min
1.2081220399999997,0.0,width_min
1.2126131999999998,0.0,width_min
1.2171043599999998,0.0,width_min
1.2215955199999997,0.0,width_min
1.2260866799999997,0.0,width_min
1.2305778399999998,0.0,width_min
1.2350689999999998,0.0,width_min
1.2395601599999997,0.0,width_min
1.2440513199999996,0.0,width_min
1.2485424799999998,0.0,width_min
1.2530336399999997,0.0,width_min
1.2575247999999997,0.0,width_min
1.2620159599999998,0.0,width_min
1.2665071199999998,0.0,width_min
1.2709982799999997,0.0,width_min
1.2754894399999996,0.0,width_min
1.2799805999999998,0.0,width_min
1.2844717599999997,0.0,width_min
1.2889629199999997,0.0,width_min
1.2934540799999996,0.0,width_min
1.2979452399999998,0.0,width_min
1.3024363999999997,0.0,width_min
1.3069275599999997,0.0,width_min
1.3114187199999998,0.0,width_min
1.3159098799999998,0.0,width_min
1.3204010399999997,0.0,width_min
1.3248921999999996,0.0,width_min
1.3293833599999998,0.0,width_min
1.3338745199999997,0.0,width_min
1.3383656799999997,0.0,width_min
1.3428568399999996,0.0,width_min
1.3473479999999998,0.0,width_min
