carbon_source,width,length
glucose,0.93925256,3.0752215
glucose,0.8471232,4.1041837
glucose,0.86822164,2.7668638
glucose,0.89263266,2.5859158
glucose,0.82047075,2.7766745
glucose,0.86460257,4.806952
glucose,0.80499053,2.2084415
glucose,0.84081346,2.4740067
glucose,0.8332292,2.8298259
glucose,0.7430379,2.6126444
glucose,0.85741377,2.144287
glucose,0.9801645,2.6990428
glucose,0.90120643,2.3885348
glucose,0.8335354,2.4521484
glucose,0.75023556,2.2482326
glucose,0.8781838,2.0736487
glucose,0.87343615,2.31488
glucose,0.75328416,3.5966785
glucose,0.8116646,2.6033802
glucose,0.84600055,3.6388955
glucose,0.8275177,2.1996799
glucose,0.77046275,2.0397618
glucose,0.66141176,2.0943322
glucose,0.76033646,2.5071564
glucose,0.76291186,3.0715182
glucose,0.8075972,2.138627
glucose,0.7985424,3.7468774
glucose,0.8173712,2.3156996
glucose,0.83509684,2.3317194
glucose,0.7927145,2.8050609
glucose,0.832085,2.724193
glucose,0.76364326,2.0664532
glucose,0.91494894,3.815993
glucose,0.80361974,1.9337298
glucose,0.79688317,3.0542936
glucose,0.8380615,2.9264417
glucose,0.80793214,2.6498437
glucose,0.8102847,4.5536857
glucose,0.82356876,3.8788075
glucose,0.87659806,2.441718
glucose,0.82767516,4.144115
glucose,0.8484654,3.439895
glucose,0.7722636,2.278591
glucose,0.7986409,2.5925074
glucose,0.6603009,2.027228
glucose,0.80694944,4.0529118
glucose,0.83293533,2.408339
glucose,0.65786755,2.222847
glucose,0.6259671,3.0910184
glucose,0.80910814,2.2085845
glucose,0.85486984,2.8759484
glucose,0.7494237,2.721908
glucose,0.81342417,4.3808856
glucose,0.80566496,2.1853437
glucose,0.78692156,2.794113
glucose,0.73871136,3.0334258
glucose,0.89423025,2.5514271
glucose,0.8309608,2.1370375
glucose,0.71930414,3.9486992
glucose,0.76792884,2.5053418
glucose,0.7841074,2.3155477
glucose,0.75852454,2.656294
glucose,0.86827385,2.1043751
glucose,0.75971216,3.573915
glucose,0.7694029,3.9002376
glucose,0.75959057,2.7075088
glucose,0.8866599,3.1211696
glucose,0.747243,2.740036
glucose,0.77829957,2.914483
glucose,0.80593306,4.2872314
glucose,0.83555436,2.3266985
glucose,0.94472975,3.0898247
glucose,0.72121793,2.449217
glucose,0.8163635,2.2906287
glucose,0.8782841,3.049655
glucose,0.7528695,2.7623827
glucose,0.8381181,4.7439713
glucose,0.8652845,2.460617
glucose,0.86733776,3.5598278
glucose,0.7501209,2.9035606
glucose,0.84059954,2.212815
glucose,0.8197277,3.1914675
glucose,0.7005386,3.3373997
glucose,0.7229022,2.0299172
glucose,0.7314995,1.9960229
glucose,0.8896726,2.541476
glucose,0.84271884,3.042977
glucose,0.767526,2.541191
glucose,0.82229954,2.3801653
glucose,0.86409,4.2772603
glucose,0.8340126,2.7689505
glucose,0.8571503,4.3197145
glucose,0.85001934,2.694251
glucose,0.86774015,3.3022542
glucose,0.89776146,5.019363
glucose,0.8435787,2.3234541
glucose,0.8512372,2.1624968
glucose,0.80142146,2.4406903
glucose,0.91968447,2.530727
glucose,0.8633522,2.689556
glucose,0.9252263,2.8201444
glucose,0.7155524,2.3636184
glucose,0.8622627,5.280352
glucose,0.8265099,3.6791558
glucose,0.78092206,1.9559145
glucose,0.8393858,2.37773
glucose,0.85011667,2.3949978
glucose,0.8363156,2.6800869
glucose,0.8003334,3.3891988
glucose,0.8749479,4.2503304
glucose,0.63794005,2.681509
glucose,0.610824,2.0763323
glucose,0.8768546,4.5695534
glucose,0.9169483,2.3281488
glucose,0.8290609,2.8245752
glucose,0.82905227,3.2329042
glucose,0.7448228,2.9949317
glucose,0.8995436,2.6865146
glucose,0.87217444,2.31433
glucose,0.6925576,2.8207552
glucose,0.6801621,2.7497652
glucose,0.80914456,2.498259
glucose,0.64651626,3.5956614
glucose,0.65380144,2.2549326
glucose,0.79362017,2.1934547
glucose,0.7671768,2.56143
glucose,0.8341595,2.1975062
glucose,0.77839565,2.9545825
glucose,0.82322246,2.5177155
glucose,0.7644241,3.7679036
glucose,0.75767934,3.434578
glucose,0.82762843,2.1289866
glucose,0.8025218,3.3961976
glucose,0.86377877,4.111711
glucose,0.8093307,4.124575
glucose,0.93730134,2.830692
glucose,0.8052218,2.316252
glucose,0.7907234,2.4195914
glucose,0.7447511,2.5697987
glucose,0.84447193,3.76726
glucose,0.8300197,2.2828465
glucose,0.768197,3.3108106
glucose,0.79669005,2.6668143
glucose,0.7998503,3.6307802
glucose,0.452871,0.7408331
glucose,0.8721133,2.6974854
glucose,0.7896652,2.9557796
glucose,0.85414386,2.5039225
glucose,0.8237708,2.924839
glucose,0.7605368,2.1605892
glucose,0.8592904,3.875845
glucose,0.779278,2.4484909
glucose,0.8753551,3.6187568
glucose,0.84405243,3.4277945
glucose,0.7878217,3.4800014
glucose,0.8155533,2.0726392
glucose,0.7794251,5.0400066
glucose,0.8070402,3.202579
glucose,0.8606387,2.6976104
glucose,0.8196166,2.3602097
glucose,0.6994241,3.6371253
glucose,0.84897834,2.889927
glucose,0.85711354,4.2657447
glucose,0.8303148,3.0092072
glucose,0.9249014,3.2947488
glucose,0.8344688,2.8003232
glucose,0.8507879,2.0036097
glucose,0.8199206,3.3084188
glucose,0.843309,3.8135185
glucose,0.8195752,2.0594015
glucose,0.8347521,3.7594335
glucose,0.78287363,2.7811265
glucose,0.8838051,2.9989853
glucose,0.8665071,2.2051246
glucose,0.8000156,2.5051913
glucose,0.935022,2.0706294
glucose,0.8190827,3.7528353
glucose,0.8525432,2.8897634
glucose,0.79756546,2.517975
glucose,0.7911607,3.3289158
glucose,0.832615,2.3446083
glucose,0.831675,2.192373
glucose,0.8236544,2.7817013
glucose,0.75672215,2.9069002
glucose,0.7484981,2.6548839
glucose,0.890928,3.526061
glucose,0.77451265,2.8758929
glucose,0.79759336,2.7503376
glucose,0.7961952,2.6558175
glucose,0.8362068,3.801001
glucose,0.8607173,3.7153616
glucose,0.813793,2.479912
glucose,0.83125424,2.9393303
glucose,0.83389014,2.6635172
glucose,0.7334683,2.814329
glucose,0.8049141,2.2062757
glucose,0.9058296,2.0739858
glucose,0.80634755,2.8549545
glucose,0.92631304,2.6008666
glucose,0.8306849,3.7967937
glucose,0.80971444,2.9154758
glucose,0.8631761,1.9219624
glucose,0.85220665,2.146565
glucose,0.7699083,2.486208
glucose,0.7156395,3.134293
glucose,0.69467837,2.4784503
glucose,0.6957678,3.773934
glucose,0.71237487,2.3316813
glucose,0.6983416,3.8030639
glucose,0.8549356,4.091672
glucose,0.79299676,2.1794279
glucose,0.7486884,3.472984
glucose,0.7929423,1.9155275
glucose,0.7526094,1.9479259
glucose,0.78695786,1.8761873
glucose,0.805978,3.015994
glucose,0.7810771,3.0218418
glucose,0.78206164,2.9825463
glucose,0.76903284,2.579237
glucose,0.79738873,4.1795306
glucose,0.80408764,2.8740373
glucose,0.8290802,1.8646158
glucose,0.6575652,1.8133471
glucose,0.7408283,3.0712378
glucose,0.6999884,1.9748836
glucose,0.7851095,3.1001413
glucose,0.8183757,2.6551821
glucose,0.8656317,2.7664127
glucose,0.8034062,4.326715
glucose,0.70241064,2.4730198
glucose,0.70333797,2.8709455
glucose,0.79867834,2.6068497
glucose,0.74873835,2.7163372
glucose,0.7788371,2.1890604
glucose,0.8237698,2.6495414
glucose,0.85204923,2.3964767
glucose,0.76103365,4.1597977
glucose,0.80917215,4.197127
glucose,0.6932275,2.3504338
glucose,0.8264349,3.6694698
glucose,0.7746114,3.3469055
glucose,0.78336185,2.5690868
glucose,0.7629065,2.4602325
glucose,0.6699311,3.4411955
glucose,0.7251212,3.2450538
glucose,0.7193565,2.252475
glucose,0.88636994,3.9185872
glucose,0.7897584,2.18297
glucose,0.8297747,2.442247
glucose,0.78178376,2.5891194
glucose,0.7899093,3.3730037
glucose,0.81808454,5.3246474
glucose,0.73947674,1.9566145
glucose,0.7358736,2.0560756
glucose,0.76907164,3.064311
glucose,0.8229387,2.4179294
glucose,0.8488237,2.699375
glucose,0.7837635,2.675812
glucose,0.8153654,2.0340574
glucose,0.79315406,2.1927302
glucose,0.7902252,2.2163906
glucose,0.8276923,2.6273398
glucose,0.66696185,2.805387
glucose,0.7598516,3.7886908
glucose,0.7470447,2.3681514
glucose,0.74564004,3.9882054
glucose,0.85279745,2.7660193
glucose,0.7863937,2.2887418
glucose,0.8438549,3.4185436
glucose,0.83360606,2.1365132
glucose,0.9001974,2.1926775
glucose,0.81096286,2.16112
glucose,0.8012759,1.9264762
glucose,0.8269922,3.906035
glucose,0.8057175,2.710814
glucose,0.8636532,1.9364095
glucose,0.85681045,2.5409565
glucose,0.80044407,2.7613952
glucose,0.75549906,2.214158
glucose,0.7670259,2.8167844
glucose,0.8643526,2.1694415
glucose,0.836205,3.4161575
glucose,0.8167223,3.0892103
glucose,0.74765915,3.2794657
glucose,0.82099175,3.235015
glucose,0.81205714,4.331348
glucose,0.85863733,3.9436588
glucose,0.7593514,2.71673
glucose,0.7596405,2.069979
glucose,0.8330093,3.9898224
glucose,0.7536155,2.1810353
glucose,0.7829014,2.4550683
glucose,0.8263343,2.1733472
glucose,0.834012,2.2227356
glucose,0.32765505,0.9285442
glucose,0.75890166,1.2182847
glycerol,0.7018409,5.0550847
glycerol,0.4962302,1.5570118
glycerol,0.6745431,4.150371
glycerol,0.58674634,2.1548986
glycerol,0.7357413,2.247278
glycerol,0.64183265,2.040193
glycerol,0.705877,2.3172488
glycerol,0.6823401,3.2073882
glycerol,0.7077656,2.4040022
glycerol,0.66605306,3.12177
glycerol,0.6764024,3.442049
glycerol,0.4017715,0.71486676
glycerol,0.7481173,2.907062
glycerol,0.7512697,2.6953816
glycerol,0.42092425,1.9676853
glycerol,0.69201154,1.8072947
glycerol,0.7170386,1.6222059
glycerol,0.6099505,2.5298965
glycerol,0.65531874,4.022579
glycerol,0.7078007,2.080865
glycerol,0.68343943,3.3055205
glycerol,0.6879378,2.3943012
glycerol,0.4977728,1.9064989
glycerol,0.7539582,2.4244044
glycerol,0.45690936,1.4255555
glycerol,0.7949097,2.276122
glycerol,0.77026117,4.530742
glycerol,0.7176841,1.8745837
glycerol,0.73694265,2.0132782
glycerol,0.55591303,2.2824802
glycerol,0.72054285,4.318627
glycerol,0.7230577,4.083843
glycerol,0.53170913,1.657076
glycerol,0.67046654,1.5321606
glycerol,0.57229024,1.9406011
glycerol,0.78728384,2.9722853
glycerol,0.7450237,3.6357806
glycerol,0.7453607,2.6441514
glycerol,0.79348564,2.7019286
glycerol,0.6287465,2.1711466
glycerol,0.70167726,4.021006
glycerol,0.48415545,2.4171152
glycerol,0.67446035,3.2981942
glycerol,0.35332605,1.1095014
glycerol,0.72917265,2.124466
glycerol,0.62969726,2.4618669
glycerol,0.6922724,4.3664513
glycerol,0.7092372,2.4913902
glycerol,0.67723966,3.233502
glycerol,0.708243,2.8464572
glycerol,0.7848244,1.9300861
glycerol,0.74782085,3.2308998
glycerol,0.73524475,5.6968784
glycerol,0.7759738,2.1959474
glycerol,0.743788,2.9862518
glycerol,0.60061395,4.089065
glycerol,0.6248741,2.8603241
glycerol,0.77118695,2.0290267
glycerol,0.71814436,2.4843497
glycerol,0.73664165,2.8529916
glycerol,0.71262527,2.8347635
glycerol,0.8057458,3.2571146
glycerol,0.7233213,1.8995829
glycerol,0.6915734,2.247506
glycerol,0.7099227,3.9127061
glycerol,0.7190894,2.6755364
glycerol,0.6571553,2.4141803
glycerol,0.62453127,2.3484764
glycerol,0.68122214,3.2897286
glycerol,0.73267657,2.0723243
glycerol,0.6367473,2.3405628
glycerol,0.73795056,1.8736758
glycerol,0.71680343,1.7978135
glycerol,0.68095374,2.2392886
glycerol,0.6835363,3.2322693
glycerol,0.6439839,2.3013852
glycerol,0.62645584,2.3234203
glycerol,0.65893334,3.0098724
glycerol,0.65853894,2.1429296
glycerol,0.6688009,1.0477817
glycerol,0.65454984,2.5287626
glycerol,0.730788,3.4191263
glycerol,0.7214094,2.3888664
glycerol,0.7121689,2.095823
glycerol,0.6647112,3.4515321
glycerol,0.6281931,2.1038785
glycerol,0.68993497,3.065058
glycerol,0.6121216,2.3054338
glycerol,0.65816456,2.2126951
glycerol,0.6592274,2.2642348
glycerol,0.57721424,2.6544132
glycerol,0.6510925,3.1368916
glycerol,0.6129893,2.832723
glycerol,0.6508335,2.488397
glycerol,0.7479795,3.5003853
glycerol,0.7945183,3.6912203
glycerol,0.6220743,2.1741514
glycerol,0.70522165,2.2952414
glycerol,0.719558,3.5116518
glycerol,0.48717478,1.9404066
glycerol,0.7198959,1.951649
glycerol,0.6716474,2.503348
glycerol,0.58705056,2.1716142
glycerol,0.6878314,2.0668635
glycerol,0.7465231,2.4003499
glycerol,0.67055863,2.4212966
glycerol,0.753523,2.5771117
glycerol,0.66000825,2.6896846
glycerol,0.73859197,2.6249342
glycerol,0.50348186,0.9879175
glycerol,0.54372454,1.8459537
glycerol,0.84865105,1.7697762
glycerol,0.37823388,1.0777788
glycerol,0.5069706,2.0377758
glycerol,0.7451039,3.6164398
glycerol,0.7055643,2.9451609
glycerol,0.5021548,2.7720654
glycerol,0.6198944,2.0991247
glycerol,0.5006564,2.1186182
glycerol,0.56221795,2.1434536
glycerol,0.5112552,1.0495827
glycerol,0.67630774,2.4378443
glycerol,0.68773633,4.696046
glycerol,0.6486085,3.3824308
glycerol,0.68823725,3.2335944
glycerol,0.6473263,2.4411376
glycerol,0.6693213,2.3093424
glycerol,0.6309926,2.1777072
glycerol,0.6075074,3.8819985
glycerol,0.62583524,2.9620674
glycerol,0.6740253,1.8908387
glycerol,0.71816444,2.3561277
glycerol,0.67139184,3.249766
glycerol,0.6169833,3.1087034
glycerol,0.66741794,2.0992155
glycerol,0.6699028,2.8274312
glycerol,0.7031711,3.660078
glycerol,0.6006952,2.4393342
glycerol,0.608545,2.417504
glycerol,0.48653102,1.2718943
glycerol,0.62460613,2.3569512
glycerol,0.43836144,1.8171067
glycerol,0.6205272,2.285935
glycerol,0.6374128,4.1392274
glycerol,0.63343066,2.6491644
glycerol,0.64819473,1.9259448
glycerol,0.5257007,2.1267436
glycerol,0.5789434,2.1627638
glycerol,0.6609601,3.3474982
glycerol,0.66244084,1.9540453
glycerol,0.67600924,2.2589586
glycerol,0.6499909,2.040879
glycerol,0.6248725,1.8833693
glycerol,0.62349343,1.522419
glycerol,0.6533302,3.7076104
glycerol,0.6044464,2.1099575
glycerol,0.7118153,2.3685198
glycerol,0.6661333,2.4515376
glycerol,0.7578624,2.331787
glycerol,0.66662145,2.676573
glycerol,0.6214147,2.2164402
glycerol,0.66127694,2.5804539
glycerol,0.670509,3.9310532
glycerol,0.6601214,2.733713
glycerol,0.6555958,3.1255531
glycerol,0.5601865,2.423903
glycerol,0.7381513,1.8858551
glycerol,0.671505,2.0411522
glycerol,0.76236767,4.107869
glycerol,0.7228503,3.6831326
glycerol,0.6877241,1.8407882
glycerol,0.66506296,2.498735
glycerol,0.44958994,1.456074
glycerol,0.811526,2.6275852
glycerol,0.6753554,3.144595
glycerol,0.6615318,2.6980174
glycerol,0.5893066,3.1426258
glycerol,0.68908566,2.1761913
glycerol,0.6662139,2.7264104
glycerol,0.6543948,2.0016658
glycerol,0.59698606,2.1231935
glycerol,0.5896489,2.0022514
glycerol,0.65989995,2.1874027
glycerol,0.6078105,3.8220844
glycerol,0.6296359,3.125884
glycerol,0.71014017,3.1023989
glycerol,0.652256,3.5624206
glycerol,0.65232986,2.3415718
glycerol,0.6095344,2.586404
glycerol,0.70125896,2.2712567
glycerol,0.73210526,3.4599915
glycerol,0.62307614,3.0599375
glycerol,0.7051626,2.288296
glycerol,0.5882371,2.8372097
glycerol,0.65978885,2.8446662
glycerol,0.63639367,2.178296
glycerol,0.6839,2.6773012
glycerol,0.5870894,4.173936
glycerol,0.6384467,1.6668278
glycerol,0.642198,1.7375089
glycerol,0.7576977,1.8122833
glycerol,0.6787742,3.6708198
glycerol,0.71487755,3.825262
glycerol,0.697164,2.399382
glycerol,0.646431,2.2628078
glycerol,0.7307759,2.305772
glycerol,0.5985874,2.708057
glycerol,0.7020193,1.9033304
glycerol,0.5618841,2.0423014
glycerol,0.6709638,2.0878682
glycerol,0.71345603,3.563457
glycerol,0.797217,4.3134174
glycerol,0.6441762,2.0942607
glycerol,0.6420111,1.9269103
glycerol,0.6982264,2.013061
glycerol,0.62776065,2.20139
glycerol,0.66226125,1.9788082
glycerol,0.51572514,2.1213608
glycerol,0.6731639,1.8803908
glycerol,0.7028907,2.5776303
glycerol,0.686059,4.486918
glycerol,0.7385,2.3994489
glycerol,0.6581507,2.0447092
glycerol,0.70065886,2.4808216
glycerol,0.6828317,2.015326
glycerol,0.65937185,4.039299
glycerol,0.70577437,2.4545083
glycerol,0.6706646,2.9905398
glycerol,0.6854772,2.6554546
glycerol,0.6765763,2.0107415
glycerol,0.70627797,2.2848785
glycerol,0.6962414,2.180297
glycerol,0.6347089,2.1037843
glycerol,0.6571526,3.833307
glycerol,0.64969444,2.0168478
glycerol,0.68069756,2.3929389
glycerol,0.6665961,2.4359252
glycerol,0.55416685,2.7088184
glycerol,0.5048836,1.2442409
glycerol,0.7093569,3.6921587
glycerol,0.61416626,2.1977272
glycerol,0.623789,2.3623898
glycerol,0.69976705,2.022405
glycerol,0.46241182,0.87202126
glycerol,0.5985312,1.564706
glycerol,0.60188735,2.1455944
glycerol,0.7155858,2.869315
glycerol,0.72608125,2.0672793
glycerol,0.63193864,3.0790718
glycerol,0.70130247,2.3875997
glycerol,0.660574,2.4100506
glycerol,0.72628325,3.1813211
glycerol,0.7324117,2.6337235
glycerol,0.67667836,2.2129197
glycerol,0.6741326,3.6819196
glycerol,0.64422745,2.5047696
glycerol,0.6680578,2.2172182
glycerol,0.6366497,2.5082483
glycerol,0.51583356,1.9755305
glycerol,0.6666929,1.756544
glycerol,0.6512242,2.7596626
glycerol,0.75162506,2.6640906
glycerol,0.6251358,3.2912145
glycerol,0.7122383,3.1215312
glycerol,0.77569497,2.7389734
glycerol,0.6135879,3.0111613
glycerol,0.5875676,3.2059696
glycerol,0.63059217,1.7772232
glycerol,0.69509727,2.0325277
glycerol,0.61447567,2.872026
glycerol,0.5613174,1.7545738
glycerol,0.6445884,2.763487
glycerol,0.67189586,2.782149
glycerol,0.6998913,3.1393242
glycerol,0.6281831,3.213123
glycerol,0.69199383,2.6915379
glycerol,0.6297016,3.7079911
glycerol,0.66750413,2.1916292
glycerol,0.6960201,3.1527288
glycerol,0.6630226,2.8062472
glycerol,0.6909598,2.6886847
glycerol,0.74497306,3.2281296
glycerol,0.64895004,1.9241321
glycerol,0.6779286,3.2855384
glycerol,0.6518159,2.3946788
glycerol,0.6223601,3.4057996
glycerol,0.43909502,1.1057541
glycerol,0.6624601,2.8314922
glycerol,0.59324634,2.5272455
glycerol,0.6619054,2.5520096
glycerol,0.65821797,2.3934875
glycerol,0.68027115,3.0303128
glycerol,0.6403386,2.456779
glycerol,0.7199438,4.668913
glycerol,0.5450548,2.0919616
glycerol,0.6831584,2.2518356
glycerol,0.69584334,2.2479923
glycerol,0.61697054,3.9647477
glycerol,0.6565842,2.6945112
glycerol,0.5854758,2.597387
glycerol,0.6372549,3.2096922
glycerol,0.70717984,1.9171679
glycerol,0.67717904,1.9490765
glycerol,0.6684851,3.685398
glycerol,0.64625365,2.4354873
glycerol,0.6858289,2.5400453
glycerol,0.6245167,2.1060612
glycerol,0.6933508,3.5452068
glycerol,0.7410393,3.9060757
glycerol,0.6323257,3.8014238
glycerol,0.6008163,3.089108
glycerol,0.7239504,3.6705425
glycerol,0.5898172,2.6968262
glycerol,0.6799115,3.7990923
glycerol,0.7213353,3.4045033
glycerol,0.6615324,3.6984007
glycerol,0.6849796,3.9735744
glycerol,0.66277784,3.1064062
glycerol,0.6665433,2.27051
glycerol,0.68374866,2.337202
glycerol,0.6497519,2.2299252
glycerol,0.67367095,2.6122634
glycerol,0.71365064,3.0278172
glycerol,0.68844444,2.5351562
glycerol,0.6672043,1.9169561
glycerol,0.6883542,2.6187193
glycerol,0.6628128,2.4542599
glycerol,0.68264276,2.374026
glycerol,0.68001187,2.2273834
glycerol,0.6198112,1.8679401
glycerol,0.63159823,2.247519
glycerol,0.69692564,2.754223
glycerol,0.65488875,2.5114021
glycerol,0.51498365,1.991914
glycerol,0.56215477,2.8664658
glycerol,0.62097555,3.055924
glycerol,0.6538731,3.3041701
glycerol,0.59866714,4.234597
glycerol,0.5867609,3.7596183
glycerol,0.69314206,2.0462012
glycerol,0.5032645,1.4412735
glycerol,0.85293007,4.493788
glycerol,0.62235785,3.3911805
glycerol,0.66234756,3.3154492
glycerol,0.63826,2.830322
glycerol,0.6505523,2.2636094
glycerol,0.70724905,3.1830666
glycerol,0.7458483,2.1377306
glycerol,0.73245543,3.2337055
glycerol,0.6775599,3.9115102
glycerol,0.6503579,3.1349957
glycerol,0.6929055,3.6719537
glycerol,0.6373169,2.7264874
glycerol,0.6776082,3.925328
glycerol,0.55105704,3.5108418
glycerol,0.670835,1.4615135
glycerol,0.5687944,1.8694036
glycerol,0.3969822,0.8969575
glycerol,0.4576958,1.3583583
glycerol,0.48709747,2.004104
glycerol,0.60896516,1.427365
glycerol,0.7052358,2.7435637
glycerol,0.5893896,2.03268
glycerol,0.5840985,3.745208
glycerol,0.6819546,3.3538868
glycerol,0.7198582,2.3861523
glycerol,0.67169964,3.9259684
glycerol,0.65809387,3.4685693
glycerol,0.6571001,2.6154132
glycerol,0.6747564,2.770877
glycerol,0.43616405,2.034958
glycerol,0.6384981,4.07394
glycerol,0.5175724,1.4059069
glycerol,0.66395134,2.6522698
glycerol,0.67722094,2.4138305
glycerol,0.6875238,2.316963
glycerol,0.6465654,3.2309806
glycerol,0.6498984,1.937678
glycerol,0.7099875,2.2124963
glycerol,0.62435985,3.3011072
glycerol,0.67791104,2.2062535
glycerol,0.6610379,2.1107454
glycerol,0.70146435,3.1422703
glycerol,0.69246715,3.3703601
glycerol,0.65641814,2.6896708
glycerol,0.64516115,2.2260807
glycerol,0.64871675,3.249302
glycerol,0.60642016,3.3813539
glycerol,0.58564025,3.1693218
glycerol,0.5769247,1.9380852
glycerol,0.5126464,2.012107
glycerol,0.5803825,2.7105734
glycerol,0.56563246,3.2882283
glycerol,0.7607528,3.4853761
glycerol,0.664099,2.556698
glycerol,0.622526,2.339354
glycerol,0.66970545,2.2937977
glycerol,0.607382,3.0940623
glycerol,0.6382136,2.6061003
glycerol,0.62305844,2.8999674
glycerol,0.63398546,4.165332
glycerol,0.6753268,2.649061
glycerol,0.69731075,2.998813
glycerol,0.6805739,2.5700374
glycerol,0.6955465,3.6713662
glycerol,0.6427495,3.3102083
glycerol,0.7506027,3.1870358
glycerol,0.67322993,2.9056873
glycerol,0.63120323,2.452342
glycerol,0.618373,2.3651092
glycerol,0.58290654,1.857772
glycerol,0.64585763,2.973695
glycerol,0.6563267,3.790817
glycerol,0.5936687,3.3060336
glycerol,0.705022,2.967416
glycerol,0.6024926,2.8401365
glycerol,0.6811482,2.0155058
glycerol,0.72059757,2.160277
glycerol,0.46468747,0.7309071
glycerol,0.5132192,1.8641685
glycerol,0.6822004,3.5075355
glycerol,0.6828564,2.1400928
glycerol,0.67344654,3.424299
glycerol,0.7011956,3.5537302
glycerol,0.7286995,3.4295669
glycerol,0.70779836,3.4244103
glycerol,0.767303,2.3415706
glycerol,0.64591974,2.3339345
glycerol,0.7208337,2.2341359
glycerol,0.7306907,2.4832826
glycerol,0.6429148,2.8410184
glycerol,0.63176477,2.0778105
glycerol,0.61887205,2.4408062
glycerol,0.6738836,2.1758766
glycerol,0.68823093,2.1212628
glycerol,0.7160797,2.679247
glycerol,0.7383794,3.3028953
glycerol,0.68274486,3.4766097
glycerol,0.61470413,2.9449365
glycerol,0.6542043,3.04451
glycerol,0.7965056,2.290892
glycerol,0.59412265,4.574468
glycerol,0.71392137,2.0162146
glycerol,0.60142475,1.9539888
glycerol,0.60872394,2.0388477
glycerol,0.61061174,2.1648977
glycerol,0.70928717,1.9254664
glycerol,0.6832287,2.306103
glycerol,0.6895109,3.504819
glycerol,0.49471563,0.8950422
glycerol,0.4293968,0.7195926
glycerol,0.66721255,2.7785556
glycerol,0.5640798,1.8680143
glycerol,0.6663962,1.9185712
glycerol,0.6273325,1.9536902
glycerol,0.6397534,2.3440533
glycerol,0.6900935,1.9250536
glycerol,0.46493807,0.67836523
glycerol,0.70261383,2.8556323
glycerol,0.4132387,0.6234492
acetate,0.50517243,1.7296019
acetate,0.60595304,2.994134
acetate,0.65310526,2.4012015
acetate,0.56664926,2.6282573
acetate,0.62724525,2.4648702
acetate,0.48584247,1.8500842
acetate,0.5127779,2.200464
acetate,0.68562603,2.7404945
acetate,0.6552174,1.9527705
acetate,0.48876062,0.5472636
acetate,0.7153214,2.4576137
acetate,0.5629494,2.7056444
acetate,0.6443738,1.6617057
acetate,0.5100933,1.390272
acetate,0.6164234,2.1305218
acetate,0.53976643,1.5515778
acetate,0.571575,3.287496
acetate,0.53804135,2.3243585
acetate,0.64632773,3.1398275
acetate,0.67931634,1.9781688
acetate,0.7223218,2.6618714
acetate,0.5584102,2.4404154
acetate,0.6348702,1.5700473
acetate,0.5775664,2.9331841
acetate,0.7095929,1.8692292
acetate,0.6793106,1.6182678
acetate,0.658697,1.89061
acetate,0.61121994,2.7503097
acetate,0.570176,3.313473
acetate,0.71241057,1.862037
acetate,0.54875153,1.9419852
acetate,0.6096149,2.3370085
acetate,0.6563104,2.5535474
acetate,0.2714554,0.882618
acetate,0.6690646,2.7060056
acetate,0.6131069,1.6429995
acetate,0.6349243,1.6176776
acetate,0.607697,2.5360837
acetate,0.5086886,2.9161212
acetate,0.5524188,2.6581404
acetate,0.54701126,2.2717593
acetate,0.58577275,2.9203358
acetate,0.6526249,3.3203568
acetate,0.45936832,1.5198572
acetate,0.60854924,2.7113943
acetate,0.6083512,1.865137
acetate,0.4555172,0.7559492
acetate,0.67511326,1.4769307
acetate,0.71884835,1.8223422
acetate,0.64818156,2.492716
acetate,0.7868961,3.0000403
acetate,0.6148693,1.3020316
acetate,0.7082916,1.7883732
acetate,0.72971267,2.6110523
acetate,0.7138609,1.9364994
acetate,0.6894182,2.3990066
acetate,0.7164129,2.9340057
acetate,0.507878,1.9458011
acetate,0.66464394,2.8605201
acetate,0.5992265,2.2497509
acetate,0.65873086,2.9608717
acetate,0.54357624,2.58525
acetate,0.6344031,1.7761958
acetate,0.611413,2.408611
acetate,0.6122587,2.948333
acetate,0.63394535,2.998151
acetate,0.621214,3.4215431
acetate,0.6228302,1.595392
acetate,0.6245184,1.9862919
acetate,0.66828877,1.6039195
acetate,0.6327826,2.3002908
acetate,0.6468364,1.805708
acetate,0.6935352,3.0908976
acetate,0.7415725,2.9060593
acetate,0.5973417,2.3263602
acetate,0.59614486,2.1596808
acetate,0.6847668,2.9852166
acetate,0.64920217,2.246074
acetate,0.70850515,2.7356603
acetate,0.7033902,1.8183523
acetate,0.6754152,2.0239816
acetate,0.5527812,2.5313313
acetate,0.5748756,2.9118419
acetate,0.6102184,1.9985254
acetate,0.69842434,3.9744673
acetate,0.7351104,2.2752779
acetate,0.5581822,1.7919682
acetate,0.456261,1.5577146
acetate,0.6319254,1.2303851
acetate,0.6705222,1.9467118
acetate,0.57406986,1.8283663
acetate,0.6312991,1.5723965
acetate,0.60310763,2.1194365
acetate,0.55839765,1.7931322
acetate,0.70508444,3.8110332
acetate,0.60105217,2.3289595
acetate,0.585733,2.1900277
acetate,0.6539388,3.3503652
acetate,0.61862856,2.1941302
acetate,0.5656046,3.144706
acetate,0.6692167,2.792256
acetate,0.6708649,2.4863307
acetate,0.659024,1.984637
acetate,0.6906054,1.606432
acetate,0.7135142,2.7689288
acetate,0.65101504,3.0777206
acetate,0.6514988,0.9037815
acetate,0.72425586,1.8333899
acetate,0.6187748,1.8357347
acetate,0.57994896,2.2362268
acetate,0.41587332,3.319248
acetate,0.4963251,1.8260471
acetate,0.5850985,2.5008993
acetate,0.56273973,1.8884746
acetate,0.76551235,1.5361677
acetate,0.66834307,3.112294
acetate,0.67624116,2.9389746
acetate,0.5655904,1.8456496
acetate,0.6677569,1.7063074
acetate,0.6244099,1.7865281
acetate,0.5757543,1.903536
acetate,0.662777,3.5992854
acetate,0.5797943,2.7816658
acetate,0.5721124,2.3314672
acetate,0.5367639,1.7598588
acetate,0.583195,1.6383862
acetate,0.673207,2.0229728
acetate,0.7169075,1.6353638
acetate,0.6017431,2.0729141
acetate,0.6228829,1.4565114
acetate,0.6914813,2.1672065
acetate,0.6836936,4.4369493
acetate,0.71219605,2.9470549
acetate,0.6809461,1.7472907
acetate,0.65720904,3.26403
acetate,0.78664017,1.7553453
acetate,0.68350375,2.5393407
acetate,0.66084373,1.8814607
acetate,0.67477286,1.7376904
acetate,0.6882474,2.261131
acetate,0.6016566,1.4719248
acetate,0.6617498,1.8043547
acetate,0.71525526,1.420396
acetate,0.6550595,1.5203406
acetate,0.5520666,2.374346
acetate,0.62914246,2.3741672
acetate,0.6014349,1.7184346
acetate,0.67377454,1.9598252
acetate,0.5672755,2.672832
acetate,0.6272486,3.0037024
acetate,0.8158159,2.1220512
acetate,0.68684804,2.9371781
acetate,0.54582155,1.695413
acetate,0.49259323,1.7937914
acetate,0.5629074,2.553746
acetate,0.58978426,3.3547537
acetate,0.65374833,2.1347008
acetate,0.7491597,1.6468365
acetate,0.6931063,2.094478
acetate,0.6797731,3.0862772
acetate,0.62882286,3.2061622
acetate,0.66346514,1.9042606
acetate,0.63859606,1.539904
acetate,0.61920947,1.6197418
acetate,0.64813733,3.0099466
acetate,0.7268312,2.3498967
acetate,0.72920346,3.8816607
acetate,0.68224734,1.7885783
acetate,0.7268601,2.2361202
acetate,0.6884445,1.855903
acetate,0.65490973,2.9933398
acetate,0.6609403,1.9942832
acetate,0.64376396,1.9802227
acetate,0.79712945,1.5478674
acetate,0.7208841,3.1021035
acetate,0.691186,3.102644
acetate,0.65944576,1.9070014
acetate,0.6724215,1.6994241
acetate,0.71117973,1.6590421
acetate,0.5591591,2.3190134
acetate,0.6541288,1.8532468
acetate,0.682011,1.853352
acetate,0.64807564,1.9324275
acetate,0.61637694,2.4391289
acetate,0.67207927,2.0842025
acetate,0.61979526,2.2182178
acetate,0.6523246,2.878555
acetate,0.667649,1.8685834
acetate,0.42505288,1.2670872
acetate,0.4438299,2.7646399
acetate,0.6351121,1.5858544
acetate,0.6136608,1.8612529
acetate,0.6733342,2.942005
acetate,0.68300724,3.0288842
acetate,0.6114685,1.6986588
acetate,0.6486397,2.0569358
acetate,0.738062,2.4605
acetate,0.6466173,3.2128413
acetate,0.6695612,2.4200838
acetate,0.67945737,2.1065767
acetate,0.59085697,1.684556
acetate,0.66570324,2.7529185
acetate,0.5913231,1.9948614
acetate,0.7560556,1.1919562
acetate,0.6797968,3.1927292
acetate,0.62499434,3.646089
acetate,0.66528374,3.0940175
acetate,0.6208545,2.9729967
acetate,0.66852254,2.034101
acetate,0.8062851,3.4189763
acetate,0.7421688,2.5541883
acetate,0.7131494,3.0170705
acetate,0.6596922,2.917347
acetate,0.6740639,2.5009043
acetate,0.7298673,1.9946436
acetate,0.6860096,1.9701618
acetate,0.4995244,0.562225
acetate,0.6331382,1.3429022
acetate,0.5344964,1.7411537
acetate,0.6787369,1.7601986
acetate,0.7241963,2.131678
acetate,0.7368844,2.8890822
acetate,0.61871725,2.3759065
acetate,0.694919,2.8474455
acetate,0.63273656,4.3278065
acetate,0.7404091,2.7692451
acetate,0.6779732,2.3254874
acetate,0.69988745,2.127977
acetate,0.6069434,1.5653734
acetate,0.6554725,1.9254674
acetate,0.651922,2.8117876
acetate,0.6322454,2.5023782
acetate,0.63660604,2.1647255
acetate,0.65109104,3.1046276
acetate,0.7057926,2.3210673
acetate,0.6249931,2.859633
acetate,0.5177151,1.814911
acetate,0.55017126,1.5475947
acetate,0.70627576,1.6336116
acetate,0.54866785,3.3856454
acetate,0.6297077,1.6810287
acetate,0.45609543,1.3101732
acetate,0.77051157,2.4566643
acetate,0.6794638,2.1374435
acetate,0.6464708,3.1761405
acetate,0.6706668,2.1682181
acetate,0.62652016,3.107052
acetate,0.56153405,1.4289721
acetate,0.68181914,3.0963273
acetate,0.6830058,1.8636189
acetate,0.6415283,1.9635307
acetate,0.65943384,2.3907735
acetate,0.6745242,2.7421334
acetate,0.6595294,1.7827873
acetate,0.69238496,1.5977505
acetate,0.65086585,1.5192491
acetate,0.6351989,1.4723986
acetate,0.6748103,2.4385343
acetate,0.63016284,1.9442222
acetate,0.6284575,2.2527757
acetate,0.51554203,1.5665652
acetate,0.49906537,1.9910731
acetate,0.63023055,2.9552379
acetate,0.70044893,1.8586202
acetate,0.6011629,1.7637267
acetate,0.6377134,1.6230696
acetate,0.6641553,1.6697971
acetate,0.6291573,2.0281193
acetate,0.6006336,2.1621735
acetate,0.6448795,2.0371625
acetate,0.6428758,2.3621793
acetate,0.6214819,1.884604
acetate,0.6760779,2.855805
acetate,0.73024726,1.6029174
acetate,0.6418672,1.5344816
acetate,0.608152,1.7078525
acetate,0.65833265,1.6461092
acetate,0.6713919,1.6848644
acetate,0.60217917,2.9373112
acetate,0.5980428,2.4382572
acetate,0.5499725,1.6739577
acetate,0.49117228,2.3295696
acetate,0.41816643,1.4448588
acetate,0.52466506,0.78063005
acetate,0.51217544,2.048713
acetate,0.64357543,2.2686443
acetate,0.33497146,0.6950195
acetate,0.59465927,3.083866
acetate,0.63138556,2.477213
acetate,0.59887403,2.9778087
acetate,0.5686715,1.9954426
acetate,0.5737749,1.8712474
acetate,0.56412846,1.006687
acetate,0.5984225,1.913091
acetate,0.63104594,2.8362176
acetate,0.6677831,2.1972375
acetate,0.619918,2.3530095
acetate,0.7032267,2.476539
acetate,0.60951596,2.1353297
acetate,0.5658686,1.8686111
acetate,0.7382649,2.1135008
acetate,0.6842838,2.1011846
acetate,0.67817956,1.9253318
acetate,0.6544265,2.4906497
acetate,0.6603225,2.6739187
acetate,0.68039453,3.2772384
acetate,0.6174572,2.9940665
acetate,0.6612957,2.8857498
glucose + CAA,0.62692297,2.7740762
glucose + CAA,0.64521897,2.3539724
glucose + CAA,0.7847607,3.7150133
glucose + CAA,0.8647458,2.3878734
glucose + CAA,0.7821031,2.3881326
glucose + CAA,0.8501601,3.1824553
glucose + CAA,0.6897628,2.2807279
glucose + CAA,0.8846094,2.3350813
glucose + CAA,0.8041167,4.5089793
glucose + CAA,0.7621459,4.2745357
glucose + CAA,0.788425,2.3282955
glucose + CAA,0.80208874,3.7657323
glucose + CAA,0.73349106,2.5696485
glucose + CAA,0.82783836,2.385368
glucose + CAA,0.75616854,2.1603363
glucose + CAA,0.911588,3.701319
glucose + CAA,0.5501594,3.0565813
glucose + CAA,0.9106383,2.3682778
glucose + CAA,0.8551544,2.3787699
glucose + CAA,0.8370518,2.6015036
glucose + CAA,0.744297,2.4289675
glucose + CAA,0.7652522,4.223645
glucose + CAA,0.8273323,3.134021
glucose + CAA,0.8539699,2.8817668
glucose + CAA,0.7888974,3.1613953
glucose + CAA,0.8282165,2.3983433
glucose + CAA,0.7491822,2.4813814
glucose + CAA,0.6144586,2.6215515
glucose + CAA,0.84903044,4.7895107
glucose + CAA,0.7961733,2.822907
glucose + CAA,0.7122364,2.7557943
glucose + CAA,0.75608337,2.5992973
glucose + CAA,0.8817314,2.9015005
glucose + CAA,0.8856587,4.0166245
glucose + CAA,0.79577535,3.6731224
glucose + CAA,0.850467,3.3515666
glucose + CAA,0.79650515,3.5487382
glucose + CAA,0.92117304,4.220532
glucose + CAA,0.71618944,3.6444304
glucose + CAA,0.83910704,3.3047683
glucose + CAA,0.67688227,3.7510576
glucose + CAA,0.7292614,2.9970613
glucose + CAA,0.8505413,2.7731886
glucose + CAA,0.806249,3.1997411
glucose + CAA,0.8687832,2.669948
glucose + CAA,0.8335841,3.3988853
glucose + CAA,0.8186192,3.4147568
glucose + CAA,0.9437079,4.4090843
glucose + CAA,0.66589177,3.7475142
glucose + CAA,0.7525815,2.4666567
glucose + CAA,0.70143926,2.3573194
glucose + CAA,0.86419135,4.571761
glucose + CAA,0.8564166,4.5519123
glucose + CAA,0.7103402,3.8469267
glucose + CAA,0.78896785,3.3781092
glucose + CAA,0.7853949,2.5925977
glucose + CAA,0.8277119,2.4516313
glucose + CAA,0.8133213,2.1167903
glucose + CAA,0.8762779,3.245836
glucose + CAA,0.825143,2.7384346
glucose + CAA,0.964257,4.6371455
glucose + CAA,0.8018558,2.8682735
glucose + CAA,0.7659446,3.1509807
glucose + CAA,0.8857588,2.1696413
glucose + CAA,0.9001018,3.2048311
glucose + CAA,0.78544694,3.2836766
glucose + CAA,0.76137215,2.5895817
glucose + CAA,0.66161734,3.809271
glucose + CAA,0.81055,3.4417517
glucose + CAA,0.6918226,3.1008866
glucose + CAA,0.82849306,3.7385316
glucose + CAA,0.7999004,4.2260427
glucose + CAA,0.790526,2.1107996
glucose + CAA,0.7617614,2.7929018
glucose + CAA,0.8045446,2.8167584
glucose + CAA,0.81837934,2.468935
glucose + CAA,0.8801922,2.4470966
glucose + CAA,0.8336438,3.8825393
glucose + CAA,0.8793743,3.1078188
glucose + CAA,0.8457785,2.646899
glucose + CAA,0.8409395,3.1811423
glucose + CAA,0.8225687,3.382948
glucose + CAA,0.75395495,4.4894843
glucose + CAA,0.7651557,3.4771285
glucose + CAA,0.76513475,2.9895043
glucose + CAA,0.816093,4.2295685
glucose + CAA,0.8212113,2.712928
glucose + CAA,0.8508374,2.9110177
glucose + CAA,0.7874282,3.2494798
glucose + CAA,0.9089791,3.2811534
glucose + CAA,0.8075353,3.9832478
glucose + CAA,0.7985652,2.5701764
glucose + CAA,0.7502137,2.663009
glucose + CAA,0.7197822,3.8128836
glucose + CAA,0.86971605,2.9209456
glucose + CAA,0.85855764,3.6112974
glucose + CAA,0.9165657,2.1971598
glucose + CAA,0.90071714,2.8091846
glucose + CAA,0.79021937,2.8902135
glucose + CAA,0.7877147,3.946496
glucose + CAA,0.9406695,3.1278052
glucose + CAA,0.8035251,2.279356
glucose + CAA,0.8729958,3.243361
glucose + CAA,0.77319336,4.0421486
glucose + CAA,0.70905066,3.544228
glucose + CAA,0.8847515,3.2277362
glucose + CAA,0.81353176,1.9938415
glucose + CAA,0.86979324,4.291662
glucose + CAA,0.780107,2.4041483
glucose + CAA,0.80145675,2.3276598
glucose + CAA,0.9125638,2.1878765
glucose + CAA,0.8808485,2.3771498
glucose + CAA,0.7878302,2.4630892
glucose + CAA,0.75318503,3.0557876
glucose + CAA,0.815238,3.4280071
glucose + CAA,0.73429203,2.4771938
glucose + CAA,0.79317284,2.7155921
glucose + CAA,0.85117143,2.7073865
glucose + CAA,0.8411011,2.54262
glucose + CAA,0.7977178,3.5842056
glucose + CAA,0.79088473,2.5349205
glucose + CAA,0.80938643,3.6949518
glucose + CAA,0.9040698,4.2283406
glucose + CAA,0.77630025,3.0759516
glucose + CAA,0.78534114,2.470689
glucose + CAA,0.7531625,2.094428
glucose + CAA,0.8205438,2.1430275
glucose + CAA,0.8427332,4.2820816
glucose + CAA,0.8905969,2.9511678
glucose + CAA,0.651285,1.5897093
glucose + CAA,0.61153233,1.4037321
glucose + CAA,0.8667227,3.6005073
glucose + CAA,0.8307361,3.9953368
glucose + CAA,0.6286589,2.9337108
glucose + CAA,0.7174499,2.3876407
glucose + CAA,0.7772186,3.9289443
glucose + CAA,0.81095487,3.218728
glucose + CAA,0.7910476,2.322287
glucose + CAA,0.8422147,3.9717462
glucose + CAA,0.84310263,2.3871708
glucose + CAA,0.93461764,2.678567
glucose + CAA,0.89667946,4.0612164
glucose + CAA,0.8304869,4.1370816
glucose + CAA,0.84498405,2.2344177
glucose + CAA,0.829713,2.2008035
glucose + CAA,0.8388957,2.7461455
glucose + CAA,0.89538026,3.7733257
glucose + CAA,0.83495635,3.1913455
glucose + CAA,0.74157196,3.5209072
glucose + CAA,0.8290452,2.7478776
glucose + CAA,0.87742645,2.6722114
glucose + CAA,0.798887,2.0964572
glucose + CAA,0.8297749,2.8977613
glucose + CAA,0.9246063,2.88538
glucose + CAA,0.85673195,2.45864
glucose + CAA,0.75492847,2.8699098
glucose + CAA,0.8440939,2.917086
glucose + CAA,0.84667975,2.512109
LB,0.844155,4.1966333
LB,0.8097284,4.274647
LB,0.8368939,4.7723355
LB,0.8099167,5.3247786
LB,0.80198574,4.439216
LB,0.91165084,4.1947494
LB,0.8373005,4.112007
LB,0.91070217,5.5625796
LB,0.9108184,3.3250647
LB,0.7739999,2.633194
LB,0.912971,3.1869442
LB,0.97132933,4.6589184
LB,0.9706417,5.486827
LB,1.1024618,3.9214478
LB,0.9361997,3.6220307
LB,0.9277037,3.6948247
LB,1.0386083,4.8091836
LB,0.9404794,4.6020255
LB,1.0590602,4.4212985
LB,0.9632434,3.130412
LB,0.88240683,3.7001688
LB,0.86470264,8.972786
LB,0.93008924,3.34123
LB,0.8970151,4.070988
LB,0.9540307,6.249712
LB,0.93386596,4.4049096
LB,0.8731487,2.1994538
LB,0.9739422,3.3475008
LB,0.92668104,5.4825935
LB,0.8743282,2.3641112
LB,0.814772,4.5521936
LB,0.90568763,2.7295275
LB,0.8795216,2.697346
LB,0.9279637,2.9071295
LB,0.96680754,2.486201
LB,0.8886805,2.4507372
LB,1.0213293,3.9535904
LB,0.87831956,3.8609836
LB,0.8251472,4.13604
LB,0.9105461,3.0407128
LB,0.90279835,4.50153
LB,0.9735365,3.8487332
LB,1.0076015,4.0788546
LB,0.92436105,3.473118
LB,1.0102869,3.5109875
LB,0.9990684,3.983701
LB,0.9831047,5.8092747
LB,0.8677847,3.2480361
LB,0.37761644,0.6356045
LB,0.92411095,3.2867217
LB,0.87316626,3.455756
LB,0.8135649,4.251669
LB,0.9064424,3.504617
LB,0.81950366,3.4317179
LB,0.85503846,4.383833
LB,0.9379515,3.467521
LB,0.8507991,5.034995
LB,0.88617986,4.135228
LB,0.87471104,3.3096497
LB,1.0228298,4.7480774
LB,0.89049953,3.2863896
LB,0.9180398,4.267739
LB,0.92959464,3.1512008
LB,0.7774251,3.7669735
LB,0.8814567,5.18335
LB,0.9281655,4.0461435
LB,0.9561287,5.647136
LB,0.8225061,4.100182
LB,0.861568,4.8368654
LB,0.94467324,2.6450791
LB,0.91600627,4.7282825
LB,0.8616439,4.783282
LB,0.9717124,5.582699
LB,0.91770995,4.330352
LB,0.8795745,4.180166
LB,0.8937971,5.758541
LB,0.9692768,5.2476907
LB,0.9563585,4.7065344
LB,0.9837335,3.59878
LB,0.8706041,5.1320534
LB,1.0370647,6.8390236
LB,0.9167842,3.6210055
LB,0.7929547,4.354658
LB,0.87330997,2.897862
LB,0.8799,4.919479
LB,0.8914239,2.9808967
LB,0.8997574,2.6850305
LB,0.7855764,5.779182
LB,0.8629982,2.6876113
LB,0.89443743,3.5572367
LB,0.8903993,3.4645112
LB,0.9172685,5.3084693
LB,0.88488084,4.932057
LB,0.9027828,3.5648258
LB,0.97129786,5.469214
LB,0.8530751,5.4389496
LB,0.8930954,4.1559234
LB,0.8479868,3.8472934
LB,1.0641322,3.3485606
LB,0.96904904,3.222632
LB,0.9667192,3.8154736
LB,1.0562066,5.1037884
LB,1.0114108,4.1087313
LB,0.46212476,0.6510242
LB,0.911146,5.5877666
LB,0.9755395,4.098025
LB,0.90784246,4.824282
LB,0.9581695,2.6629267
LB,1.0539259,4.742127
LB,0.96142465,4.55771
LB,0.9522905,4.0921946
LB,0.78567976,4.416219
LB,0.94562876,5.021016
LB,0.7876715,4.321537
LB,1.0103005,5.5769486
LB,0.92228043,5.918255
LB,0.94674397,4.1343126
LB,0.8227556,5.9020967
LB,0.92677957,4.778752
LB,0.82193434,3.443966
LB,1.0412757,3.9409618
LB,1.0062081,3.4000206
LB,0.9032598,4.8046904
LB,0.96798027,5.0119667
LB,0.88564956,3.2860224
LB,1.0146061,6.003086
LB,1.0061408,3.3221405
LB,1.057136,5.9872737
LB,1.0368502,4.4963536
LB,0.9599485,3.5985157
LB,0.9827403,4.7542243
LB,0.8059409,3.8200238
LB,0.89546716,3.0296984
LB,0.8246637,1.9852158
LB,0.7978404,3.099678
LB,0.9547759,5.7038646
LB,0.8273551,3.2191875
LB,0.9772718,2.887011
LB,0.96712476,2.4221184
LB,0.96348006,3.5147617
LB,0.9776288,4.740951
LB,0.88100255,4.191248
LB,0.8611056,2.79563
LB,0.9483666,2.766928
LB,0.9741627,5.5312414
LB,0.9029793,3.8536627
LB,0.96483546,4.2150226
LB,0.95699275,4.60484
LB,0.9046655,4.1390676
LB,0.89469594,3.6795428
LB,0.92022705,3.4320338
LB,0.9585316,4.225053
LB,0.87417024,3.3159277
LB,0.9531754,3.6134162
LB,0.8903336,5.9379573
LB,0.94003916,2.737209
LB,0.8544596,2.5051758
LB,0.9565535,2.9055488
LB,0.95478725,4.322395
LB,0.99838185,4.5307508
LB,0.90388906,2.983602
LB,0.8508648,4.992454
LB,0.9884921,3.7747443
LB,0.94873476,4.568388
LB,1.0277511,5.904694
LB,1.0556977,4.4354753
LB,0.7294333,6.5902457
LB,0.89036274,5.7036834
LB,0.9095483,3.8303037
LB,0.95191264,3.0502732
LB,0.8446999,3.403585
LB,0.93472,2.9936318
LB,0.79078513,4.931012
LB,0.83640134,2.387243
LB,0.9604999,3.1294005
LB,0.914242,2.461609
LB,0.8722049,3.2675643
LB,0.8940013,2.2156167
LB,0.9997037,3.4049363
LB,0.93506885,4.844156
LB,0.91912645,5.966981
LB,0.9504785,4.284595
LB,0.98379815,5.508013
LB,0.89907044,3.6245167
LB,0.8925217,2.6580396
LB,0.7973,2.3719218
LB,0.95449615,4.891877
LB,0.8594978,2.7113166
LB,0.7869081,2.8617952
LB,1.006364,3.4538333
LB,0.95564115,5.1851406
LB,0.9852572,4.4634824
LB,0.9339983,3.6043284
LB,0.9673508,5.513535
LB,1.0454097,4.5955124
LB,1.0560709,2.8327224
LB,0.90640974,3.4191513
LB,1.0175672,3.2895052
LB,0.9941088,5.1762776
LB,0.9847709,6.2103057
LB,0.9484224,4.7691627
LB,0.9321146,3.124516
LB,0.8887799,4.3527436
LB,0.9036681,6.943076
LB,0.8862694,3.486157
LB,0.97490096,3.155157
LB,0.95792365,3.2513452