Unnamed: 0,dataset_name,condition,growth_rate_hr,mass_frac,localization,volume,surface_to_volume,surface_area,total_protein,width,mass_fg
0,Caglar et al. 2017,gluconate_growth,0.6630116912775283,0.1332278179089376,envelope,0.8032524628865911,6.488897312618951,5.212222747779355,201.47033524175967,0.6928479052602673,26.841453137641768
1,Caglar et al. 2017,glucose_time_course,0.7747553284413429,0.1466399784505744,envelope,0.9004627700369989,6.306192642662889,5.678491695399168,219.94058125264422,0.7171332919494948,32.252082095294554
2,Li et al. 2014,MOPS complete,1.934364224818452,0.168264058873052,envelope,2.946640392419842,4.410192422264654,12.995251129788933,546.5437067643996,0.9691525672439093,91.96366245170101
3,Li et al. 2014,MOPS complete without methionine,1.5693898427772346,0.1610172407326216,envelope,2.028990798979048,5.006938024123869,10.159031182005666,410.39526703787664,0.8898322209181582,66.08071350816631
4,Li et al. 2014,MOPS minimal,0.738700370046123,0.2171705472833552,envelope,0.8678756720701127,6.365143733222266,5.5241533952931405,213.8030802460715,0.7092974220161733,46.43173194790645
5,Mori et al. 2021,0.2% galactose,0.4892803627481966,0.23338688879244,envelope,0.6725368742895216,6.772953978802521,4.555061298610626,175.786197680903,0.6550906548211853,41.02619376939878
6,Mori et al. 2021,0.2% glucose,0.33,0.24804102991002,envelope,0.5714737721636489,7.033382821509055,4.019393812078788,155.12610214373564,0.620474051142269,38.47763814165915
7,Mori et al. 2021,0.2% glucose,0.34,0.24230360039096,envelope,0.5773461316877175,7.017032479369375,4.051256557890982,156.3485854948762,0.6226473638521126,37.883825181442326
8,Mori et al. 2021,0.2% glucose,0.35,0.24681558636372,envelope,0.5832788344997191,7.0006821372296955,4.083349717706339,157.58070272144562,0.6248206765619563,38.89337354180065
9,Mori et al. 2021,0.2% glucose,0.48,0.22663002005363,envelope,0.6661862426170888,6.788127689413857,4.522157279815638,174.51028418440401,0.6530737417899237,39.54926920427615
10,Mori et al. 2021,0.2% glucose,0.49,0.2269320811053,envelope,0.6730318500923442,6.771777347274177,4.557621836449366,175.88552609450238,0.6552470544997674,39.914068472925976
11,Mori et al. 2021,0.2% glucose,0.5,0.22152458646367,envelope,0.6799478017727294,6.7554270051344965,4.593337742177334,177.2716057057718,0.6574203672096111,39.27001914572186
12,Mori et al. 2021,0.2% glucose,0.55,0.23018640067693,envelope,0.7156082843780672,6.673675294436097,4.775737327947708,184.36758220567873,0.6682869307588294,42.43891014943319
13,Mori et al. 2021,0.2% glucose,0.71,0.20310830419317,envelope,0.8427808782070557,6.412069820201219,5.403969834194141,209.0401856482584,0.7030599341163278,42.457797615243194
14,Mori et al. 2021,0.2% glucose,0.72,0.19952105528083,envelope,0.8514411397237028,6.395719478061539,5.445578681753803,210.68754314092294,0.7052332468261715,42.036600942002345
15,Mori et al. 2021,0.2% glucose,0.81,0.18172921049939,envelope,0.9334998327363508,6.24856639880442,5.833035688125908,226.11040411425813,0.7247930612147644,41.09086522538215
16,Mori et al. 2021,0.2% melibiose,0.6817841120261757,0.19629321736535,envelope,0.818817168503128,6.458203762415909,5.288088118357643,204.46113659649774,0.6969277393210241,40.13433432870285
17,Mori et al. 2021,0.4% sodium acetate,0.5010702510071894,0.18884522863916,envelope,0.6806921793763786,6.7536771081202085,4.597175189530703,177.42059658560441,0.6576529662212759,33.50503312750464
18,Mori et al. 2021,10 mM glucose-6-phosphate + 10 mM gluconate,1.1240224549620734,0.1748213686642999,envelope,1.2868824187000898,5.735128940987208,7.380436603134503,289.3164979263487,0.7930399604693024,50.57870614464636
19,Mori et al. 2021,12 mM arabinose,0.8487516496652392,0.18129397279344,envelope,0.9712249056240349,6.1852061257540525,6.007226235750682,233.09409923895126,0.7332150064892516,42.258555285737835
20,Mori et al. 2021,20 mM mannitol,0.9041050181216675,0.1904789837144199,envelope,1.0277712593725288,6.0947014744694155,6.263959009915039,243.44545202709014,0.7452450244091531,46.3712422920177
21,Mori et al. 2021,24 mM xylose + 20 mM oxaloacetate,0.8317766166719343,0.1904770883244,envelope,0.9545154642778191,6.212960885481341,5.9303672441451525,230.00875177520084,0.7295258009938151,43.81139732726992
22,Mori et al. 2021,40 mM glycerol + 30 mM succinate,0.7701635339554948,0.19555889994974,envelope,0.8962455748965601,6.31370038375076,5.658626030159332,219.14925098616945,0.7161353514177865,42.85658644766477
23,Peebo et al. 2015,glucose_minimal,0.21,0.2008438037564387,envelope,0.5054949460841582,7.229586927185214,3.654519653968225,141.18090568090696,0.5943942986241452,28.355310114732358
24,Peebo et al. 2015,glucose_minimal,0.22,0.1910127659731668,envelope,0.5106893193093143,7.213236585045534,3.6837228816339462,142.29349282329474,0.5965676113339888,27.179873644160487
25,Peebo et al. 2015,glucose_minimal,0.26,0.1883963620754362,envelope,0.5320060895644713,7.147835216486815,3.8026918623743664,146.83221337318375,0.6052608621733634,27.66265483499203
26,Peebo et al. 2015,glucose_minimal,0.31,0.1936565644326309,envelope,0.5599076341439018,7.066083505788415,3.9563540983892382,152.70973634916876,0.6161274257225816,29.57324289679288
27,Peebo et al. 2015,glucose_minimal,0.36,0.1800168877626454,envelope,0.589272500676198,6.984331795090015,4.115674662444972,158.82252974395098,0.6269939892718,28.590737511096236
28,Peebo et al. 2015,glucose_minimal,0.41,0.1767386537378535,envelope,0.62017743441579,6.902580084391616,4.280824407587519,165.18001115916064,0.6378605528210182,29.19369279667367
29,Peebo et al. 2015,glucose_minimal,0.46,0.1676464226822746,envelope,0.6527032055919713,6.8208283736932165,4.4519765443022346,171.79197517208436,0.6487271163702365,28.800310083122078
30,Peebo et al. 2015,glucose_minimal,0.51,0.164412216703862,envelope,0.6869348205023765,6.739076662994817,4.6293064178461,178.66860842556207,0.6595936799194547,29.375301966640976
31,Peebo et al. 2015,rich,0.25,0.1866395659590963,envelope,0.5265948971177776,7.164185558626494,3.772623557177587,145.68413815592686,0.6030875494635197,27.19042431254721
32,Peebo et al. 2015,rich,0.35,0.185423739344214,envelope,0.5832788344997191,7.0006821372296955,4.083349717706339,157.58070272144562,0.6248206765619563,29.219203147099407
33,Peebo et al. 2015,rich,0.42,0.1863332195688025,envelope,0.6265502638280924,6.8862297422519365,4.3145690617888075,166.48172512472013,0.6400338655308618,31.0210758418575
34,Peebo et al. 2015,rich,0.45,0.1759630790615448,envelope,0.6460643668167922,6.837178715832897,4.417257537857829,170.44874057330182,0.6465538036603928,29.992685213440645
35,Peebo et al. 2015,rich,0.53,0.1704107338073233,envelope,0.7011249877013807,6.706375978715457,4.702007775597709,181.49572819070428,0.6639403053391421,30.92882022387241
36,Peebo et al. 2015,rich,0.55,0.1604708211597875,envelope,0.7156082843780672,6.673675294436097,4.775737327947708,184.36758220567873,0.6682869307588294,29.585617311789893
37,Peebo et al. 2015,rich,0.63,0.1717673246812824,envelope,0.7765957625176639,6.542872557318658,5.081167102706781,196.31666666841005,0.6856734324375786,33.72078862397988
38,Peebo et al. 2015,rich,0.65,0.1624315797729434,envelope,0.7926380759763185,6.510171873039298,5.160210107721015,199.42303623974036,0.690020057857266,32.392598819537966
39,Peebo et al. 2015,rich,0.73,0.1891561453494498,envelope,0.860190392497124,6.379369135921859,5.487472040912663,212.347882762838,0.7074065595360151,40.16690697653531
40,Peebo et al. 2015,rich,0.74,0.1665313998998999,envelope,0.8690295509851294,6.36301879378218,5.5296513652704675,214.02130682068605,0.7095798722458588,35.641267833254844
41,Peebo et al. 2015,rich,0.78,0.1529636589984576,envelope,0.9053038621619254,6.29761742522346,5.701257377473039,220.84792189708625,0.7182731230852334,33.781706215583895
42,Peebo et al. 2015,rich,0.82,0.1396317878481062,envelope,0.94309230556801,6.23221605666474,5.877555009677922,227.89228479539088,0.726966373924608,31.82100716277022
43,Schmidt et al. 2016,42C,0.66,0.1341314315992766,envelope,0.8007830792666287,6.493821530899618,5.200142401721729,200.99460503614506,0.6921933705671095,26.959694117229308
44,Schmidt et al. 2016,acetate,0.3,0.1483123097424129,envelope,0.5542126467741031,7.082433847928095,3.925174408462725,151.51570501429595,0.613954113012738,22.471644172920325
45,Schmidt et al. 2016,chemostat_u0.12,0.12,0.1865517633702892,envelope,0.46105974304981523,7.376740006442333,3.4011178519155942,131.55103708226494,0.5748344842355523,24.54107794088683
46,Schmidt et al. 2016,chemostat_u0.2,0.2,0.188702042134543,envelope,0.5003534063767242,7.245937269324894,3.62552939509877,140.07701781298945,0.5922209859143015,26.432819317427867
47,Schmidt et al. 2016,chemostat_u0.35,0.35,0.1879430017401718,envelope,0.5832788344997191,7.0006821372296955,4.083349717706339,157.58070272144562,0.6248206765619563,29.61619028579415
48,Schmidt et al. 2016,chemostat_u0.5,0.5,0.1675991639258656,envelope,0.6799478017727294,6.7554270051344965,4.593337742177334,177.2716057057718,0.6574203672096111,29.71057290408306
49,Schmidt et al. 2016,fructose,0.65,0.1387682320193062,envelope,0.7926380759763185,6.510171873039298,5.160210107721015,199.42303623974036,0.690020057857266,27.673582162910797
50,Schmidt et al. 2016,fumarate,0.42,0.167549936460748,envelope,0.6265502638280924,6.8862297422519365,4.3145690617888075,166.48172512472013,0.6400338655308618,27.894002466522572
51,Schmidt et al. 2016,galactose,0.26,0.186276208496561,envelope,0.5320060895644713,7.147835216486815,3.8026918623743664,146.83221337318375,0.6052608621733634,27.35134799231471
52,Schmidt et al. 2016,glucosamine,0.46,0.1705850547818831,envelope,0.6527032055919713,6.8208283736932165,4.4519765443022346,171.79197517208436,0.6487271163702365,29.305143495817912
53,Schmidt et al. 2016,glucose,0.58,0.144090398012763,envelope,0.7378961271372424,6.624624268017058,4.888284591109176,188.76079140794798,0.6748068688883603,27.198617563175358
54,Schmidt et al. 2016,glycerol,0.47,0.160614035470957,envelope,0.6594102638550939,6.804478031553536,4.486942654182908,173.145795235924,0.6509004290800802,27.809644897669756
55,Schmidt et al. 2016,glycerol_pAA,1.27,0.1445929569940336,envelope,1.4940057587829625,5.4964506603791445,8.21172893947286,324.44273928063404,0.8247654458675724,46.91213504783117
56,Schmidt et al. 2016,lb_miller,1.9,0.1195203080164885,envelope,2.844916796750037,4.4663791055793105,12.706476938115987,531.9978427485879,0.9616841465877226,63.58454602941864
57,Schmidt et al. 2016,mannose,0.47,0.1596353878535883,envelope,0.6594102638550939,6.804478031553536,4.486942654182908,173.145795235924,0.6509004290800802,27.64019617770471
58,Schmidt et al. 2016,osmotic_stress_glucose,0.55,0.1753087861739429,envelope,0.7156082843780672,6.673675294436097,4.775737327947708,184.36758220567873,0.6682869307588294,32.32125704630217
59,Schmidt et al. 2016,pH6,0.63,0.1757211623465674,envelope,0.7765957625176639,6.542872557318658,5.081167102706781,196.31666666841005,0.6856734324375786,34.49699285497664
60,Schmidt et al. 2016,pyruvate,0.4,0.1587727363346071,envelope,0.6138694249502068,6.918930426531296,4.247319842205256,163.88847524315514,0.6356872401111746,26.021021668062254
61,Schmidt et al. 2016,succinate,0.44,0.1595651063829665,envelope,0.639493053648819,6.853529057972576,4.382784225553797,169.11600867224752,0.6443804909505492,26.985013914849862
62,Schmidt et al. 2016,xylose,0.55,0.1441241615575491,envelope,0.7156082843780672,6.673675294436097,4.775737327947708,184.36758220567873,0.6682869307588294,26.571823203785954
63,Soufi et al. 2015,M9_glucose,0.6931471805599453,0.1729565371603454,envelope,0.8283847473193586,6.439624756587533,5.33448692681725,206.29301707574558,0.6993972894477507,35.67972587378096
0,Caglar et al. 2017,gluconate_growth,0.6630116912775283,0.0813226168203426,membrane,0.8032524628865911,6.488897312618951,5.212222747779355,201.47033524175967,0.6928479052602673,16.384094873531588
1,Caglar et al. 2017,glucose_time_course,0.7747553284413429,0.100721064901994,membrane,0.9004627700369989,6.306192642662889,5.678491695399168,219.94058125264422,0.7171332919494948,22.152649558929866
2,Li et al. 2014,MOPS complete,1.934364224818452,0.1510397797983818,membrane,2.946640392419842,4.410192422264654,12.995251129788933,546.5437067643996,0.9691525672439093,82.54984111988627
3,Li et al. 2014,MOPS complete without methionine,1.5693898427772346,0.1246668896420075,membrane,2.028990798979048,5.006938024123869,10.159031182005666,410.39526703787664,0.8898322209181582,51.162701465413164
4,Li et al. 2014,MOPS minimal,0.738700370046123,0.1659411062126133,membrane,0.8678756720701127,6.365143733222266,5.5241533952931405,213.8030802460715,0.7092974220161733,35.47871964769723
5,Mori et al. 2021,0.2% galactose,0.4892803627481966,0.16412220161744,membrane,0.6725368742895216,6.772953978802521,4.555061298610626,175.786197680903,0.6550906548211853,28.850417777348326
6,Mori et al. 2021,0.2% glucose,0.33,0.17642914863102,membrane,0.5714737721636489,7.033382821509055,4.019393812078788,155.12610214373564,0.620474051142269,27.368766131667925
7,Mori et al. 2021,0.2% glucose,0.34,0.17131461552096,membrane,0.5773461316877175,7.017032479369375,4.051256557890982,156.3485854948762,0.6226473638521126,26.78479781130066
8,Mori et al. 2021,0.2% glucose,0.35,0.17452923982772,membrane,0.5832788344997191,7.0006821372296955,4.083349717706339,157.58070272144562,0.6248206765619563,27.502440257491834
9,Mori et al. 2021,0.2% glucose,0.48,0.16133824913263,membrane,0.6661862426170888,6.788127689413857,4.522157279815638,174.51028418440401,0.6530737417899237,28.155183705949437
10,Mori et al. 2021,0.2% glucose,0.49,0.1625203921923,membrane,0.6730318500923442,6.771777347274177,4.557621836449366,175.88552609450238,0.6552470544997674,28.584984681827542
11,Mori et al. 2021,0.2% glucose,0.5,0.15774242709767,membrane,0.6799478017727294,6.7554270051344965,4.593337742177334,177.2716057057718,0.6574203672096111,27.96325333952961
12,Mori et al. 2021,0.2% glucose,0.55,0.16454646379693,membrane,0.7156082843780672,6.673675294436097,4.775737327947708,184.36758220567873,0.6682869307588294,30.33703369073423
13,Mori et al. 2021,0.2% glucose,0.71,0.15065882445217,membrane,0.8427808782070557,6.412069820201219,5.403969834194141,209.0401856482584,0.7030599341163278,31.493748633029984
14,Mori et al. 2021,0.2% glucose,0.72,0.14982185639583,membrane,0.8514411397237028,6.395719478061539,5.445578681753803,210.68754314092294,0.7052332468261715,31.5655988328496
15,Mori et al. 2021,0.2% glucose,0.81,0.1422978466458899,membrane,0.9334998327363508,6.24856639880442,5.833035688125908,226.11040411425813,0.7247930612147644,32.175023609690896
16,Mori et al. 2021,0.2% melibiose,0.6817841120261757,0.1524298235413499,membrane,0.818817168503128,6.458203762415909,5.288088118357643,204.46113659649774,0.6969277393210241,31.16597497246799
17,Mori et al. 2021,0.4% sodium acetate,0.5010702510071894,0.14187790838376,membrane,0.6806921793763786,6.7536771081202085,4.597175189530703,177.42059658560441,0.6576529662212759,25.172063147764423
18,Mori et al. 2021,10 mM glucose-6-phosphate + 10 mM gluconate,1.1240224549620734,0.1458043541363,membrane,1.2868824187000898,5.735128940987208,7.380436603134503,289.3164979263487,0.7930399604693024,42.18360512112745
19,Mori et al. 2021,12 mM arabinose,0.8487516496652392,0.14678147349744,membrane,0.9712249056240349,6.1852061257540525,6.007226235750682,233.09409923895126,0.7332150064892516,34.213895349851775
20,Mori et al. 2021,20 mM mannitol,0.9041050181216675,0.15496324730082,membrane,1.0277712593725288,6.0947014744694155,6.263959009915039,243.44545202709014,0.7452450244091531,37.72509778673388
21,Mori et al. 2021,24 mM xylose + 20 mM oxaloacetate,0.8317766166719343,0.1542370110801,membrane,0.9545154642778191,6.212960885481341,5.9303672441451525,230.00875177520084,0.7295258009938151,35.47586239607162
22,Mori et al. 2021,40 mM glycerol + 30 mM succinate,0.7701635339554948,0.15749447646394,membrane,0.8962455748965601,6.31370038375076,5.658626030159332,219.14925098616945,0.7161353514177865,34.51479655153134
23,Peebo et al. 2015,glucose_minimal,0.21,0.1237497877950929,membrane,0.5054949460841582,7.229586927185214,3.654519653968225,141.18090568090696,0.5943942986241452,17.47110711873126
24,Peebo et al. 2015,glucose_minimal,0.22,0.1216092257096131,membrane,0.5106893193093143,7.213236585045534,3.6837228816339462,142.29349282329474,0.5965676113339888,17.304201485757265
25,Peebo et al. 2015,glucose_minimal,0.26,0.1224174570256378,membrane,0.5320060895644713,7.147835216486815,3.8026918623743664,146.83221337318375,0.6052608621733634,17.974826170591
26,Peebo et al. 2015,glucose_minimal,0.31,0.1243827551032543,membrane,0.5599076341439018,7.066083505788415,3.9563540983892382,152.70973634916876,0.6161274257225816,18.99445773820119
27,Peebo et al. 2015,glucose_minimal,0.36,0.1243794105162671,membrane,0.589272500676198,6.984331795090015,4.115674662444972,158.82252974395098,0.6269939892718,19.75425262625492
28,Peebo et al. 2015,glucose_minimal,0.41,0.1281866155217629,membrane,0.62017743441579,6.902580084391616,4.280824407587519,165.18001115916064,0.6378605528210182,21.17386658233983
29,Peebo et al. 2015,glucose_minimal,0.46,0.1270911931998093,membrane,0.6527032055919713,6.8208283736932165,4.4519765443022346,171.79197517208436,0.6487271163702365,21.833247106772216
30,Peebo et al. 2015,glucose_minimal,0.51,0.1291280398829556,membrane,0.6869348205023765,6.739076662994817,4.6293064178461,178.66860842556207,0.6595936799194547,23.071127194608156
31,Peebo et al. 2015,rich,0.25,0.1135387609354861,membrane,0.5265948971177776,7.164185558626494,3.772623557177587,145.68413815592686,0.6030875494635197,16.540796534178106
32,Peebo et al. 2015,rich,0.35,0.1118159735380315,membrane,0.5832788344997191,7.0006821372296955,4.083349717706339,157.58070272144562,0.6248206765619563,17.62003968560557
33,Peebo et al. 2015,rich,0.42,0.1099976077185787,membrane,0.6265502638280924,6.8862297422519365,4.3145690617888075,166.48172512472013,0.6400338655308618,18.312591492581213
34,Peebo et al. 2015,rich,0.45,0.1107009453994679,membrane,0.6460643668167922,6.837178715832897,4.417257537857829,170.44874057330182,0.6465538036603928,18.868836723613153
35,Peebo et al. 2015,rich,0.53,0.1138116089934926,membrane,0.7011249877013807,6.706375978715457,4.702007775597709,181.49572819070428,0.6639403053391421,20.656320850829648
36,Peebo et al. 2015,rich,0.55,0.1079685201920245,membrane,0.7156082843780672,6.673675294436097,4.775737327947708,184.36758220567873,0.6682869307588294,19.90589502212856
37,Peebo et al. 2015,rich,0.63,0.111836562006424,membrane,0.7765957625176639,6.542872557318658,5.081167102706781,196.31666666841005,0.6856734324375786,21.95538106475611
38,Peebo et al. 2015,rich,0.65,0.1114093080361549,membrane,0.7926380759763185,6.510171873039298,5.160210107721015,199.42303623974036,0.690020057857266,22.217582473938513
39,Peebo et al. 2015,rich,0.73,0.112095479975891,membrane,0.860190392497124,6.379369135921859,5.487472040912663,212.347882762838,0.7074065595360151,23.803237840164556
40,Peebo et al. 2015,rich,0.74,0.1190090297662885,membrane,0.8690295509851294,6.36301879378218,5.5296513652704675,214.02130682068605,0.7095798722458588,25.470468074042987
41,Peebo et al. 2015,rich,0.78,0.1146664154429081,membrane,0.9053038621619254,6.29761742522346,5.701257377473039,220.84792189708625,0.7182731230852334,25.323839561954216
42,Peebo et al. 2015,rich,0.82,0.1242421986022009,membrane,0.94309230556801,6.23221605666474,5.877555009677922,227.89228479539088,0.726966373924608,28.313838507458282
43,Schmidt et al. 2016,42C,0.66,0.0943070064332505,membrane,0.8007830792666287,6.493821530899618,5.200142401721729,200.99460503614506,0.6921933705671095,18.955199510192376
44,Schmidt et al. 2016,acetate,0.3,0.0927660068696624,membrane,0.5542126467741031,7.082433847928095,3.925174408462725,151.51570501429595,0.613954113012738,14.055506932217918
45,Schmidt et al. 2016,chemostat_u0.12,0.12,0.112081877591377,membrane,0.46105974304981523,7.376740006442333,3.4011178519155942,131.55103708226494,0.5748344842355523,14.744487235273116
46,Schmidt et al. 2016,chemostat_u0.2,0.2,0.1114971687868028,membrane,0.5003534063767242,7.245937269324894,3.62552939509877,140.07701781298945,0.5922209859143015,15.618190898246867
47,Schmidt et al. 2016,chemostat_u0.35,0.35,0.1140154834892743,membrane,0.5832788344997191,7.0006821372296955,4.083349717706339,157.58070272144562,0.6248206765619563,17.966640009365225
48,Schmidt et al. 2016,chemostat_u0.5,0.5,0.111120371459392,membrane,0.6799478017727294,6.7554270051344965,4.593337742177334,177.2716057057718,0.6574203672096111,19.69848667522824
49,Schmidt et al. 2016,fructose,0.65,0.09204101438004,membrane,0.7926380759763185,6.510171873039298,5.160210107721015,199.42303623974036,0.690020057857266,18.35509854625318
50,Schmidt et al. 2016,fumarate,0.42,0.0987458915789212,membrane,0.6265502638280924,6.8862297422519365,4.3145690617888075,166.48172512472013,0.6400338655308618,16.439386379037376
51,Schmidt et al. 2016,galactose,0.26,0.0961582879329726,membrane,0.5320060895644713,7.147835216486815,3.8026918623743664,146.83221337318375,0.6052608621733634,14.119134251374273
52,Schmidt et al. 2016,glucosamine,0.46,0.1104392470279589,membrane,0.6527032055919713,6.8208283736932165,4.4519765443022346,171.79197517208436,0.6487271163702365,18.972576383450807
53,Schmidt et al. 2016,glucose,0.58,0.0990492193947218,membrane,0.7378961271372424,6.624624268017058,4.888284591109176,188.76079140794798,0.6748068688883603,18.696609041287157
54,Schmidt et al. 2016,glycerol,0.47,0.1017567272061599,membrane,0.6594102638550939,6.804478031553536,4.486942654182908,173.145795235924,0.6509004290800802,17.618749452715537
55,Schmidt et al. 2016,glycerol_pAA,1.27,0.0990282095103649,membrane,1.4940057587829625,5.4964506603791445,8.21172893947286,324.44273928063404,0.8247654458675724,32.12898355959932
56,Schmidt et al. 2016,lb_miller,1.9,0.0894702337460027,membrane,2.844916796750037,4.4663791055793105,12.706476938115987,531.9978427485879,0.9616841465877226,47.59797134308535
57,Schmidt et al. 2016,mannose,0.47,0.0911944379562153,membrane,0.6594102638550939,6.804478031553536,4.486942654182908,173.145795235924,0.6509004290800802,15.78993348102203
58,Schmidt et al. 2016,osmotic_stress_glucose,0.55,0.1198174478401395,membrane,0.7156082843780672,6.673675294436097,4.775737327947708,184.36758220567873,0.6682869307588294,22.09045316434154
59,Schmidt et al. 2016,pH6,0.63,0.1155789215706469,membrane,0.7765957625176639,6.542872557318658,5.081167102706781,196.31666666841005,0.6856734324375786,22.690068619878996
60,Schmidt et al. 2016,pyruvate,0.4,0.0964755611602538,membrane,0.6138694249502068,6.918930426531296,4.247319842205256,163.88847524315514,0.6356872401111746,15.811232616781755
61,Schmidt et al. 2016,succinate,0.44,0.0950024764817503,membrane,0.639493053648819,6.853529057972576,4.382784225553797,169.11600867224752,0.6443804909505492,16.066439636572674
62,Schmidt et al. 2016,xylose,0.55,0.1027399746652408,membrane,0.7156082843780672,6.673675294436097,4.775737327947708,184.36758220567873,0.6682869307588294,18.941920724903134
63,Soufi et al. 2015,M9_glucose,0.6931471805599453,0.1104328378276898,membrane,0.8283847473193586,6.439624756587533,5.33448692681725,206.29301707574558,0.6993972894477507,22.781523299710653
0,Caglar et al. 2017,gluconate_growth,0.6630116912775283,0.0490683004200162,periplasm,0.8032524628865911,6.488897312618951,5.212222747779355,201.47033524175967,0.6928479052602673,9.885806935364041
1,Caglar et al. 2017,glucose_time_course,0.7747553284413429,0.0420325152261631,periplasm,0.9004627700369989,6.306192642662889,5.678491695399168,219.94058125264422,0.7171332919494948,9.244655830352931
2,Li et al. 2014,MOPS complete,1.934364224818452,0.016534812022121,periplasm,2.946640392419842,4.410192422264654,12.995251129788933,546.5437067643996,0.9691525672439093,9.036997453222568
3,Li et al. 2014,MOPS complete without methionine,1.5693898427772346,0.0362554848700285,periplasm,2.028990798979048,5.006938024123869,10.159031182005666,410.39526703787664,0.8898322209181582,14.87907939482304
4,Li et al. 2014,MOPS minimal,0.738700370046123,0.0501876054532857,periplasm,0.8678756720701127,6.365143733222266,5.5241533952931405,213.8030802460715,0.7092974220161733,10.730264636087018
5,Mori et al. 2021,0.2% galactose,0.4892803627481966,0.067803231175,periplasm,0.6725368742895216,6.772953978802521,4.555061298610626,175.786197680903,0.6550906548211853,11.918872198732517
6,Mori et al. 2021,0.2% glucose,0.33,0.070244995179,periplasm,0.5714737721636489,7.033382821509055,4.019393812078788,155.12610214373564,0.620474051142269,10.89683229722377
7,Mori et al. 2021,0.2% glucose,0.34,0.06966393387,periplasm,0.5773461316877175,7.017032479369375,4.051256557890982,156.3485854948762,0.6226473638521126,10.891857520583097
8,Mori et al. 2021,0.2% glucose,0.35,0.070910308236,periplasm,0.5832788344997191,7.0006821372296955,4.083349717706339,157.58070272144562,0.6248206765619563,11.174096202023193
9,Mori et al. 2021,0.2% glucose,0.48,0.063867275121,periplasm,0.6661862426170888,6.788127689413857,4.522157279815638,174.51028418440401,0.6530737417899237,11.145496331449227
10,Mori et al. 2021,0.2% glucose,0.49,0.063087734413,periplasm,0.6730318500923442,6.771777347274177,4.557621836449366,175.88552609450238,0.6552470544997674,11.096219357340747
11,Mori et al. 2021,0.2% glucose,0.5,0.062474896066,periplasm,0.6799478017727294,6.7554270051344965,4.593337742177334,177.2716057057718,0.6574203672096111,11.075025141921026
12,Mori et al. 2021,0.2% glucose,0.55,0.06427014343,periplasm,0.7156082843780672,6.673675294436097,4.775737327947708,184.36758220567873,0.6682869307588294,11.849330952201287
13,Mori et al. 2021,0.2% glucose,0.71,0.051208079081,periplasm,0.8427808782070557,6.412069820201219,5.403969834194141,209.0401856482584,0.7030599341163278,10.704546357782936
14,Mori et al. 2021,0.2% glucose,0.72,0.048500697045,periplasm,0.8514411397237028,6.395719478061539,5.445578681753803,210.68754314092294,0.7052332468261715,10.218492701033272
15,Mori et al. 2021,0.2% glucose,0.81,0.0384376480035,periplasm,0.9334998327363508,6.24856639880442,5.833035688125908,226.11040411425813,0.7247930612147644,8.69115212327299
16,Mori et al. 2021,0.2% melibiose,0.6817841120261757,0.043709610511,periplasm,0.818817168503128,6.458203762415909,5.288088118357643,204.46113659649774,0.6969277393210241,8.936916645269285
17,Mori et al. 2021,0.4% sodium acetate,0.5010702510071894,0.0462737316954,periplasm,0.6806921793763786,6.7536771081202085,4.597175189530703,177.42059658560441,0.6576529662212759,8.20991308364006
18,Mori et al. 2021,10 mM glucose-6-phosphate + 10 mM gluconate,1.1240224549620734,0.028950269504,periplasm,1.2868824187000898,5.735128940987208,7.380436603134503,289.3164979263487,0.7930399604693024,8.375790586921251
19,Mori et al. 2021,12 mM arabinose,0.8487516496652392,0.033663216546,periplasm,0.9712249056240349,6.1852061257540525,6.007226235750682,233.09409923895126,0.7332150064892516,7.84669713827563
20,Mori et al. 2021,20 mM mannitol,0.9041050181216675,0.0347904335236,periplasm,1.0277712593725288,6.0947014744694155,6.263959009915039,243.44545202709014,0.7452450244091531,8.469572815371233
21,Mori et al. 2021,24 mM xylose + 20 mM oxaloacetate,0.8317766166719343,0.0355681586043,periplasm,0.9545154642778191,6.212960885481341,5.9303672441451525,230.00875177520084,0.7295258009938151,8.180987763517413
22,Mori et al. 2021,40 mM glycerol + 30 mM succinate,0.7701635339554948,0.0371338121858,periplasm,0.8962455748965601,6.31370038375076,5.658626030159332,219.14925098616945,0.7161353514177865,8.137847126779162
23,Peebo et al. 2015,glucose_minimal,0.21,0.0770501188345297,periplasm,0.5054949460841582,7.229586927185214,3.654519653968225,141.18090568090696,0.5943942986241452,10.87800555988041
24,Peebo et al. 2015,glucose_minimal,0.22,0.0693640348140755,periplasm,0.5106893193093143,7.213236585045534,3.6837228816339462,142.29349282329474,0.5965676113339888,9.870050790011419
25,Peebo et al. 2015,glucose_minimal,0.26,0.0659278871916773,periplasm,0.5320060895644713,7.147835216486815,3.8026918623743664,146.83221337318375,0.6052608621733634,9.68033759937155
26,Peebo et al. 2015,glucose_minimal,0.31,0.0692429993313633,periplasm,0.5599076341439018,7.066083505788415,3.9563540983892382,152.70973634916876,0.6161274257225816,10.574080171918158
27,Peebo et al. 2015,glucose_minimal,0.36,0.0556101985657235,periplasm,0.589272500676198,6.984331795090015,4.115674662444972,158.82252974395098,0.6269939892718,8.832152415771642
28,Peebo et al. 2015,glucose_minimal,0.41,0.0485287339570537,periplasm,0.62017743441579,6.902580084391616,4.280824407587519,165.18001115916064,0.6378605528210182,8.015976816566068
29,Peebo et al. 2015,glucose_minimal,0.46,0.0405340772074317,periplasm,0.6527032055919713,6.8208283736932165,4.4519765443022346,171.79197517208436,0.6487271163702365,6.9634291852424575
30,Peebo et al. 2015,glucose_minimal,0.51,0.035258914607848,periplasm,0.6869348205023765,6.739076662994817,4.6293064178461,178.66860842556207,0.6595936799194547,6.299661207579925
31,Peebo et al. 2015,rich,0.25,0.0730793903850783,periplasm,0.5265948971177776,7.164185558626494,3.772623557177587,145.68413815592686,0.6030875494635197,10.64650800521066
32,Peebo et al. 2015,rich,0.35,0.0736077658061825,periplasm,0.5832788344997191,7.0006821372296955,4.083349717706339,157.58070272144562,0.6248206765619563,11.599163461493834
33,Peebo et al. 2015,rich,0.42,0.076277536921658,periplasm,0.6265502638280924,6.8862297422519365,4.3145690617888075,166.48172512472013,0.6400338655308618,12.698815934982159
34,Peebo et al. 2015,rich,0.45,0.0652365541250444,periplasm,0.6460643668167922,6.837178715832897,4.417257537857829,170.44874057330182,0.6465538036603928,11.119488489955854
35,Peebo et al. 2015,rich,0.53,0.0565518065616978,periplasm,0.7011249877013807,6.706375978715457,4.702007775597709,181.49572819070428,0.6639403053391421,10.26391131241519
36,Peebo et al. 2015,rich,0.55,0.0525023009677629,periplasm,0.7156082843780672,6.673675294436097,4.775737327947708,184.36758220567873,0.6682869307588294,9.679722289661312
37,Peebo et al. 2015,rich,0.63,0.0598828583281335,periplasm,0.7765957625176639,6.542872557318658,5.081167102706781,196.31666666841005,0.6856734324375786,11.756003137555807
38,Peebo et al. 2015,rich,0.65,0.0510081055351523,periplasm,0.7926380759763185,6.510171873039298,5.160210107721015,199.42303623974036,0.690020057857266,10.172191278657179
39,Peebo et al. 2015,rich,0.73,0.0770286568805733,periplasm,0.860190392497124,6.379369135921859,5.487472040912663,212.347882762838,0.7074065595360151,16.356872200654852
40,Peebo et al. 2015,rich,0.74,0.0475223701336114,periplasm,0.8690295509851294,6.36301879378218,5.5296513652704675,214.02130682068605,0.7095798722458588,10.170799759211853
41,Peebo et al. 2015,rich,0.78,0.0382827734174966,periplasm,0.9053038621619254,6.29761742522346,5.701257377473039,220.84792189708625,0.7182731230852334,8.454670953711139
42,Peebo et al. 2015,rich,0.82,0.0153760387281632,periplasm,0.94309230556801,6.23221605666474,5.877555009677922,227.89228479539088,0.726966373924608,3.5040805968635276
43,Schmidt et al. 2016,42C,0.66,0.039717965334305,periplasm,0.8007830792666287,6.493821530899618,5.200142401721729,200.99460503614506,0.6921933705671095,7.983096755207935
44,Schmidt et al. 2016,acetate,0.3,0.055387865736213,periplasm,0.5542126467741031,7.082433847928095,3.925174408462725,151.51570501429595,0.613954113012738,8.39213152625948
45,Schmidt et al. 2016,chemostat_u0.12,0.12,0.0743109628789568,periplasm,0.46105974304981523,7.376740006442333,3.4011178519155942,131.55103708226494,0.5748344842355523,9.77568423330846
46,Schmidt et al. 2016,chemostat_u0.2,0.2,0.0770034580879901,periplasm,0.5003534063767242,7.245937269324894,3.62552939509877,140.07701781298945,0.5922209859143015,10.786414770253176
47,Schmidt et al. 2016,chemostat_u0.35,0.35,0.0737385382033438,periplasm,0.5832788344997191,7.0006821372296955,4.083349717706339,157.58070272144562,0.6248206765619563,11.61977066773508
48,Schmidt et al. 2016,chemostat_u0.5,0.5,0.0562960942184052,periplasm,0.6799478017727294,6.7554270051344965,4.593337742177334,177.2716057057718,0.6574203672096111,9.979699017060106
49,Schmidt et al. 2016,fructose,0.65,0.0466302764546361,periplasm,0.7926380759763185,6.510171873039298,5.160210107721015,199.42303623974036,0.690020057857266,9.299151311282007
50,Schmidt et al. 2016,fumarate,0.42,0.068596145981555,periplasm,0.6265502638280924,6.8862297422519365,4.3145690617888075,166.48172512472013,0.6400338655308618,11.420004719916415
51,Schmidt et al. 2016,galactose,0.26,0.0899364174430121,periplasm,0.5320060895644713,7.147835216486815,3.8026918623743664,146.83221337318375,0.6052608621733634,13.205563236012077
52,Schmidt et al. 2016,glucosamine,0.46,0.0599732556864254,periplasm,0.6527032055919713,6.8208283736932165,4.4519765443022346,171.79197517208436,0.6487271163702365,10.302924051871459
53,Schmidt et al. 2016,glucose,0.58,0.0448892698784905,periplasm,0.7378961271372424,6.624624268017058,4.888284591109176,188.76079140794798,0.6748068688883603,8.473334107988828
54,Schmidt et al. 2016,glycerol,0.47,0.0586905155074881,periplasm,0.6594102638550939,6.804478031553536,4.486942654182908,173.145795235924,0.6509004290800802,10.162015980350356
55,Schmidt et al. 2016,glycerol_pAA,1.27,0.0454275214094431,periplasm,1.4940057587829625,5.4964506603791445,8.21172893947286,324.44273928063404,0.8247654458675724,14.738629484809369
56,Schmidt et al. 2016,lb_miller,1.9,0.0299999841206387,periplasm,2.844916796750037,4.4663791055793105,12.706476938115987,531.9978427485879,0.9616841465877226,15.959926834671682
57,Schmidt et al. 2016,mannose,0.47,0.0682541076429579,periplasm,0.6594102638550939,6.804478031553536,4.486942654182908,173.145795235924,0.6509004290800802,11.817911745958304
58,Schmidt et al. 2016,osmotic_stress_glucose,0.55,0.0552408938708295,periplasm,0.7156082843780672,6.673675294436097,4.775737327947708,184.36758220567873,0.6682869307588294,10.184630041845331
59,Schmidt et al. 2016,pH6,0.63,0.0600039994358269,periplasm,0.7765957625176639,6.542872557318658,5.081167102706781,196.31666666841005,0.6856734324375786,11.779785156014693
60,Schmidt et al. 2016,pyruvate,0.4,0.0621958278299968,periplasm,0.6138694249502068,6.918930426531296,4.247319842205256,163.88847524315514,0.6356872401111746,10.193179389543971
61,Schmidt et al. 2016,succinate,0.44,0.0644031514288345,periplasm,0.639493053648819,6.853529057972576,4.382784225553797,169.11600867224752,0.6443804909505492,10.891603915558846
62,Schmidt et al. 2016,xylose,0.55,0.0412874328407721,periplasm,0.7156082843780672,6.673675294436097,4.775737327947708,184.36758220567873,0.6682869307588294,7.6120641683324894
63,Soufi et al. 2015,M9_glucose,0.6931471805599453,0.0624273177928491,periplasm,0.8283847473193586,6.439624756587533,5.33448692681725,206.29301707574558,0.6993972894477507,12.878319735433216
0,Caglar et al. 2017,gluconate_growth,0.6630116912775283,0.0616027242170656,inner membrane,0.8032524628865911,6.488897312618951,5.212222747779355,201.47033524175967,0.6928479052602673,12.411121499817874
1,Caglar et al. 2017,glucose_time_course,0.7747553284413429,0.0610265603459875,inner membrane,0.9004627700369989,6.306192642662889,5.678491695399168,219.94058125264422,0.7171332919494948,13.422217154346061
2,Li et al. 2014,MOPS complete,1.934364224818452,0.0578598792805397,inner membrane,2.946640392419842,4.410192422264654,12.995251129788933,546.5437067643996,0.9691525672439093,31.62295289492685
3,Li et al. 2014,MOPS complete without methionine,1.5693898427772346,0.0407762134188102,inner membrane,2.028990798979048,5.006938024123869,10.159031182005666,410.39526703787664,0.8898322209181582,16.73436499480606
4,Li et al. 2014,MOPS minimal,0.738700370046123,0.0509199976989951,inner membrane,0.8678756720701127,6.365143733222266,5.5241533952931405,213.8030802460715,0.7092974220161733,10.886852354168024
5,Mori et al. 2021,0.2% galactose,0.4892803627481966,0.0653609318762,inner membrane,0.6725368742895216,6.772953978802521,4.555061298610626,175.786197680903,0.6550906548211853,11.489549691397727
6,Mori et al. 2021,0.2% glucose,0.33,0.0567459992355,inner membrane,0.5714737721636489,7.033382821509055,4.019393812078788,155.12610214373564,0.620474051142269,8.802785673654517
7,Mori et al. 2021,0.2% glucose,0.34,0.0570655117567,inner membrane,0.5773461316877175,7.017032479369375,4.051256557890982,156.3485854948762,0.6226473638521126,8.922112043701274
8,Mori et al. 2021,0.2% glucose,0.35,0.0585345296502,inner membrane,0.5832788344997191,7.0006821372296955,4.083349717706339,157.58070272144562,0.6248206765619563,9.22391231574781
9,Mori et al. 2021,0.2% glucose,0.48,0.05728128366,inner membrane,0.6661862426170888,6.788127689413857,4.522157279815638,174.51028418440401,0.6530737417899237,9.996173089954059
10,Mori et al. 2021,0.2% glucose,0.49,0.05395865999,inner membrane,0.6730318500923442,6.771777347274177,4.557621836449366,175.88552609450238,0.6552470544997674,9.490547299695526
11,Mori et al. 2021,0.2% glucose,0.5,0.0543129156061999,inner membrane,0.6799478017727294,6.7554270051344965,4.593337742177334,177.2716057057718,0.6574203672096111,9.628137760073129
12,Mori et al. 2021,0.2% glucose,0.55,0.0551689289776,inner membrane,0.7156082843780672,6.673675294436097,4.775737327947708,184.36758220567873,0.6682869307588294,10.171362048476919
13,Mori et al. 2021,0.2% glucose,0.71,0.0511505077607,inner membrane,0.8427808782070557,6.412069820201219,5.403969834194141,209.0401856482584,0.7030599341163278,10.69251163829941
14,Mori et al. 2021,0.2% glucose,0.72,0.0517484970973,inner membrane,0.8514411397237028,6.395719478061539,5.445578681753803,210.68754314092294,0.7052332468261715,10.90276371466532
15,Mori et al. 2021,0.2% glucose,0.81,0.0475663710086,inner membrane,0.9334998327363508,6.24856639880442,5.833035688125908,226.11040411425813,0.7247930612147644,10.755251371003277
16,Mori et al. 2021,0.2% melibiose,0.6817841120261757,0.0510083061913,inner membrane,0.818817168503128,6.458203762415909,5.288088118357643,204.46113659649774,0.6969277393210241,10.429216259735371
17,Mori et al. 2021,0.4% sodium acetate,0.5010702510071894,0.0521302650196,inner membrane,0.6806921793763786,6.7536771081202085,4.597175189530703,177.42059658560441,0.6576529662212759,9.248982719943097
18,Mori et al. 2021,10 mM glucose-6-phosphate + 10 mM gluconate,1.1240224549620734,0.0467115073811,inner membrane,1.2868824187000898,5.735128940987208,7.380436603134503,289.3164979263487,0.7930399604693024,13.51440972836064
19,Mori et al. 2021,12 mM arabinose,0.8487516496652392,0.054145529099,inner membrane,0.9712249056240349,6.1852061257540525,6.007226235750682,233.09409923895126,0.7332150064892516,12.62100333314783
20,Mori et al. 2021,20 mM mannitol,0.9041050181216675,0.057299356343,inner membrane,1.0277712593725288,6.0947014744694155,6.263959009915039,243.44545202709014,0.7452450244091531,13.94926770578295
21,Mori et al. 2021,24 mM xylose + 20 mM oxaloacetate,0.8317766166719343,0.050579351702,inner membrane,0.9545154642778191,6.212960885481341,5.9303672441451525,230.00875177520084,0.7295258009938151,11.6336935505759
22,Mori et al. 2021,40 mM glycerol + 30 mM succinate,0.7701635339554948,0.05161712668,inner membrane,0.8962455748965601,6.31370038375076,5.658626030159332,219.14925098616945,0.7161353514177865,11.311854649980223
23,Peebo et al. 2015,glucose_minimal,0.21,0.0230200109544578,inner membrane,0.5054949460841582,7.229586927185214,3.654519653968225,141.18090568090696,0.5943942986241452,3.249985995334752
24,Peebo et al. 2015,glucose_minimal,0.22,0.0231371371164198,inner membrane,0.5106893193093143,7.213236585045534,3.6837228816339462,142.29349282329474,0.5965676113339888,3.2922640542268673
25,Peebo et al. 2015,glucose_minimal,0.26,0.0224229067089105,inner membrane,0.5320060895644713,7.147835216486815,3.8026918623743664,146.83221337318375,0.6052608621733634,3.29240502232974
26,Peebo et al. 2015,glucose_minimal,0.31,0.0238770317382637,inner membrane,0.5599076341439018,7.066083505788415,3.9563540983892382,152.70973634916876,0.6161274257225816,3.6462552215509842
27,Peebo et al. 2015,glucose_minimal,0.36,0.0246644240757053,inner membrane,0.589272500676198,6.984331795090015,4.115674662444972,158.82252974395098,0.6269939892718,3.9172662263811255
28,Peebo et al. 2015,glucose_minimal,0.41,0.0248601935954914,inner membrane,0.62017743441579,6.902580084391616,4.280824407587519,165.18001115916064,0.6378605528210182,4.106407055522163
29,Peebo et al. 2015,glucose_minimal,0.46,0.0249631888529127,inner membrane,0.6527032055919713,6.8208283736932165,4.4519765443022346,171.79197517208436,0.6487271163702365,4.2884755196356314
30,Peebo et al. 2015,glucose_minimal,0.51,0.0254349163417917,inner membrane,0.6869348205023765,6.739076662994817,4.6293064178461,178.66860842556207,0.6595936799194547,4.544421108208511
31,Peebo et al. 2015,rich,0.25,0.0220607495486407,inner membrane,0.5265948971177776,7.164185558626494,3.772623557177587,145.68413815592686,0.6030875494635197,3.2139012850674726
32,Peebo et al. 2015,rich,0.35,0.0230274276459782,inner membrane,0.5832788344997191,7.0006821372296955,4.083349717706339,157.58070272144562,0.6248206765619563,3.628678230320489
33,Peebo et al. 2015,rich,0.42,0.0242487990260796,inner membrane,0.6265502638280924,6.8862297422519365,4.3145690617888075,166.48172512472013,0.6400338655308618,4.036981894064366
34,Peebo et al. 2015,rich,0.45,0.0226566213521861,inner membrane,0.6460643668167922,6.837178715832897,4.417257537857829,170.44874057330182,0.6465538036603928,3.8617925751262994
35,Peebo et al. 2015,rich,0.53,0.0238725917184567,inner membrane,0.7011249877013807,6.706375978715457,4.702007775597709,181.49572819070428,0.6639403053391421,4.332773417740675
36,Peebo et al. 2015,rich,0.55,0.0216303236296048,inner membrane,0.7156082843780672,6.673675294436097,4.775737327947708,184.36758220567873,0.6682869307588294,3.987930469916598
37,Peebo et al. 2015,rich,0.63,0.0238887209664592,inner membrane,0.7765957625176639,6.542872557318658,5.081167102706781,196.31666666841005,0.6856734324375786,4.689754071107029
38,Peebo et al. 2015,rich,0.65,0.0220852762224122,inner membrane,0.7926380759763185,6.510171873039298,5.160210107721015,199.42303623974036,0.690020057857266,4.404312840466784
39,Peebo et al. 2015,rich,0.73,0.0231858417238281,inner membrane,0.860190392497124,6.379369135921859,5.487472040912663,212.347882762838,0.7074065595360151,4.923464400129167
40,Peebo et al. 2015,rich,0.74,0.0236513700507307,inner membrane,0.8690295509851294,6.36301879378218,5.5296513652704675,214.02130682068605,0.7095798722458588,5.06189712635702
41,Peebo et al. 2015,rich,0.78,0.0239755046708056,inner membrane,0.9053038621619254,6.29761742522346,5.701257377473039,220.84792189708625,0.7182731230852334,5.294940382981302
42,Peebo et al. 2015,rich,0.82,0.0237930885124813,inner membrane,0.94309230556801,6.23221605666474,5.877555009677922,227.89228479539088,0.726966373924608,5.422261303448332
43,Schmidt et al. 2016,42C,0.66,0.0303121148951694,inner membrane,0.8007830792666287,6.493821530899618,5.200142401721729,200.99460503614506,0.6921933705671095,6.0925715611648235
44,Schmidt et al. 2016,acetate,0.3,0.0236351242807279,inner membrane,0.5542126467741031,7.082433847928095,3.925174408462725,151.51570501429595,0.613954113012738,3.581092518494992
45,Schmidt et al. 2016,chemostat_u0.12,0.12,0.0387989671965308,inner membrane,0.46105974304981523,7.376740006442333,3.4011178519155942,131.55103708226494,0.5748344842355523,5.104044372424404
46,Schmidt et al. 2016,chemostat_u0.2,0.2,0.0375944155702046,inner membrane,0.5003534063767242,7.245937269324894,3.62552939509877,140.07701781298945,0.5922209859143015,5.266113619496478
47,Schmidt et al. 2016,chemostat_u0.35,0.35,0.0375521159067697,inner membrane,0.5832788344997191,7.0006821372296955,4.083349717706339,157.58070272144562,0.6248206765619563,5.917488813265945
48,Schmidt et al. 2016,chemostat_u0.5,0.5,0.0373500042852208,inner membrane,0.6799478017727294,6.7554270051344965,4.593337742177334,177.2716057057718,0.6574203672096111,6.621095232758549
49,Schmidt et al. 2016,fructose,0.65,0.0310325322307713,inner membrane,0.7926380759763185,6.510171873039298,5.160210107721015,199.42303623974036,0.690020057857266,6.188601799668016
50,Schmidt et al. 2016,fumarate,0.42,0.0280113903771412,inner membrane,0.6265502638280924,6.8862297422519365,4.3145690617888075,166.48172512472013,0.6400338655308618,4.663384593128452
51,Schmidt et al. 2016,galactose,0.26,0.0274622227589556,inner membrane,0.5320060895644713,7.147835216486815,3.8026918623743664,146.83221337318375,0.6052608621733634,4.032338951844872
52,Schmidt et al. 2016,glucosamine,0.46,0.029545361012473,inner membrane,0.6527032055919713,6.8208283736932165,4.4519765443022346,171.79197517208436,0.6487271163702365,5.075655925505031
53,Schmidt et al. 2016,glucose,0.58,0.0257257036406744,inner membrane,0.7378961271372424,6.624624268017058,4.888284591109176,188.76079140794798,0.6748068688883603,4.8560041787400285
54,Schmidt et al. 2016,glycerol,0.47,0.0291798939578448,inner membrane,0.6594102638550939,6.804478031553536,4.486942654182908,173.145795235924,0.6509004290800802,5.052375944230971
55,Schmidt et al. 2016,glycerol_pAA,1.27,0.0258814523568434,inner membrane,1.4940057587829625,5.4964506603791445,8.21172893947286,324.44273928063404,0.8247654458675724,8.397049299215496
56,Schmidt et al. 2016,lb_miller,1.9,0.0271900567855808,inner membrane,2.844916796750037,4.4663791055793105,12.706476938115987,531.9978427485879,0.9616841465877226,14.46505155414059
57,Schmidt et al. 2016,mannose,0.47,0.029175303109265,inner membrane,0.6594102638550939,6.804478031553536,4.486942654182908,173.145795235924,0.6509004290800802,5.051581058102815
58,Schmidt et al. 2016,osmotic_stress_glucose,0.55,0.0241457428467422,inner membrane,0.7156082843780672,6.673675294436097,4.775737327947708,184.36758220567873,0.6682869307588294,4.451692229213921
59,Schmidt et al. 2016,pH6,0.63,0.0293210275733229,inner membrane,0.7765957625176639,6.542872557318658,5.081167102706781,196.31666666841005,0.6856734324375786,5.756206396487292
60,Schmidt et al. 2016,pyruvate,0.4,0.0313704421857935,inner membrane,0.6138694249502068,6.918930426531296,4.247319842205256,163.88847524315514,0.6356872401111746,5.141253937533247
61,Schmidt et al. 2016,succinate,0.44,0.0279575638903178,inner membrane,0.639493053648819,6.853529057972576,4.382784225553797,169.11600867224752,0.6443804909505492,4.728071617329899
62,Schmidt et al. 2016,xylose,0.55,0.0271627325974684,inner membrane,0.7156082843780672,6.673675294436097,4.775737327947708,184.36758220567873,0.6682869307588294,5.0079273350946245
63,Soufi et al. 2015,M9_glucose,0.6931471805599453,0.037155790832797,inner membrane,0.8283847473193586,6.439624756587533,5.33448692681725,206.29301707574558,0.6993972894477507,7.664980192733022
0,Caglar et al. 2017,gluconate_growth,0.6630116912775283,0.0189733241675632,outer membrane,0.8032524628865911,6.488897312618951,5.212222747779355,201.47033524175967,0.6928479052602673,3.8225619806895383
1,Caglar et al. 2017,glucose_time_course,0.7747553284413429,0.0390654981392829,outer membrane,0.9004627700369989,6.306192642662889,5.678491695399168,219.94058125264422,0.7171332919494948,8.592088367677972
2,Li et al. 2014,MOPS complete,1.934364224818452,0.0929450690081791,outer membrane,2.946640392419842,4.410192422264654,12.995251129788933,546.5437067643996,0.9691525672439093,50.798542541203126
3,Li et al. 2014,MOPS complete without methionine,1.5693898427772346,0.0836894055709026,outer membrane,2.028990798979048,5.006938024123869,10.159031182005666,410.39526703787664,0.8898322209181582,34.345735947511734
4,Li et al. 2014,MOPS minimal,0.738700370046123,0.1147346231983472,outer membrane,0.8678756720701127,6.365143733222266,5.5241533952931405,213.8030802460715,0.7092974220161733,24.530615850679002
5,Mori et al. 2021,0.2% galactose,0.4892803627481966,0.09850490364124,outer membrane,0.6725368742895216,6.772953978802521,4.555061298610626,175.786197680903,0.6550906548211853,17.315802464017317
6,Mori et al. 2021,0.2% glucose,0.33,0.11944404651552,outer membrane,0.5714737721636489,7.033382821509055,4.019393812078788,155.12610214373564,0.620474051142269,18.528889360227666
7,Mori et al. 2021,0.2% glucose,0.34,0.11401947675426,outer membrane,0.5773461316877175,7.017032479369375,4.051256557890982,156.3485854948762,0.6226473638521126,17.826783909394468
8,Mori et al. 2021,0.2% glucose,0.35,0.11571207048752,outer membrane,0.5832788344997191,7.0006821372296955,4.083349717706339,157.58070272144562,0.6248206765619563,18.23398938077685
9,Mori et al. 2021,0.2% glucose,0.48,0.10382066688263,outer membrane,0.6661862426170888,6.788127689413857,4.522157279815638,174.51028418440401,0.6530737417899237,18.117774081902105
10,Mori et al. 2021,0.2% glucose,0.49,0.1083824676523,outer membrane,0.6730318500923442,6.771777347274177,4.557621836449366,175.88552609450238,0.6552470544997674,19.062907342445172
11,Mori et al. 2021,0.2% glucose,0.5,0.10319693731147,outer membrane,0.6799478017727294,6.7554270051344965,4.593337742177334,177.2716057057718,0.6574203672096111,18.29388678112216
12,Mori et al. 2021,0.2% glucose,0.55,0.10916631038933,outer membrane,0.7156082843780672,6.673675294436097,4.775737327947708,184.36758220567873,0.6682869307588294,20.12672870479544
13,Mori et al. 2021,0.2% glucose,0.71,0.09930690210147,outer membrane,0.8427808782070557,6.412069820201219,5.403969834194141,209.0401856482584,0.7030599341163278,20.75913325144471
14,Mori et al. 2021,0.2% glucose,0.72,0.0978440980785299,outer membrane,0.8514411397237028,6.395719478061539,5.445578681753803,210.68754314092294,0.7052332468261715,20.614532635004963
15,Mori et al. 2021,0.2% glucose,0.81,0.09446414877729,outer membrane,0.9334998327363508,6.24856639880442,5.833035688125908,226.11040411425813,0.7247930612147644,21.359326854342445
16,Mori et al. 2021,0.2% melibiose,0.6817841120261757,0.10120525493005,outer membrane,0.818817168503128,6.458203762415909,5.288088118357643,204.46113659649774,0.6969277393210241,20.69254145253633
17,Mori et al. 2021,0.4% sodium acetate,0.5010702510071894,0.08954782666416,outer membrane,0.6806921793763786,6.7536771081202085,4.597175189530703,177.42059658560441,0.6576529662212759,15.887628829699562
18,Mori et al. 2021,10 mM glucose-6-phosphate + 10 mM gluconate,1.1240224549620734,0.0988930912452,outer membrane,1.2868824187000898,5.735128940987208,7.380436603134503,289.3164979263487,0.7930399604693024,28.611402828172118
19,Mori et al. 2021,12 mM arabinose,0.8487516496652392,0.09241496946244,outer membrane,0.9712249056240349,6.1852061257540525,6.007226235750682,233.09409923895126,0.7332150064892516,21.54138406304264
20,Mori et al. 2021,20 mM mannitol,0.9041050181216675,0.09744344919782,outer membrane,1.0277712593725288,6.0947014744694155,6.263959009915039,243.44545202709014,0.7452450244091531,23.722164537042083
21,Mori et al. 2021,24 mM xylose + 20 mM oxaloacetate,0.8317766166719343,0.1034446783222,outer membrane,0.9545154642778191,6.212960885481341,5.9303672441451525,230.00875177520084,0.7295258009938151,23.793181338676398
22,Mori et al. 2021,40 mM glycerol + 30 mM succinate,0.7701635339554948,0.1056909663282399,outer membrane,0.8962455748965601,6.31370038375076,5.658626030159332,219.14925098616945,0.7161353514177865,23.16209610683823
23,Peebo et al. 2015,glucose_minimal,0.21,0.1005931453571912,outer membrane,0.5054949460841582,7.229586927185214,3.654519653968225,141.18090568090696,0.5943942986241452,14.201831366819375
24,Peebo et al. 2015,glucose_minimal,0.22,0.0983166458266762,outer membrane,0.5106893193093143,7.213236585045534,3.6837228816339462,142.29349282329474,0.5965676113339888,13.98981893734856
25,Peebo et al. 2015,glucose_minimal,0.26,0.0998793773107669,outer membrane,0.5320060895644713,7.147835216486815,3.8026918623743664,146.83221337318375,0.6052608621733634,14.665510040875253
26,Peebo et al. 2015,glucose_minimal,0.31,0.1003648961978039,outer membrane,0.5599076341439018,7.066083505788415,3.9563540983892382,152.70973634916876,0.6161274257225816,15.326696837078323
27,Peebo et al. 2015,glucose_minimal,0.36,0.0996131659517608,outer membrane,0.589272500676198,6.984331795090015,4.115674662444972,158.82252974395098,0.6269939892718,15.820815012262655
28,Peebo et al. 2015,glucose_minimal,0.41,0.1032325772647736,outer membrane,0.62017743441579,6.902580084391616,4.280824407587519,165.18001115916064,0.6378605528210182,17.051958264584215
29,Peebo et al. 2015,glucose_minimal,0.46,0.1020647346473442,outer membrane,0.6527032055919713,6.8208283736932165,4.4519765443022346,171.79197517208436,0.6487271163702365,17.53390236048193
30,Peebo et al. 2015,glucose_minimal,0.51,0.1036295915970856,outer membrane,0.6869348205023765,6.739076662994817,4.6293064178461,178.66860842556207,0.6595936799194547,18.515354922360604
31,Peebo et al. 2015,rich,0.25,0.0914780113868453,outer membrane,0.5265948971177776,7.164185558626494,3.772623557177587,145.68413815592686,0.6030875494635197,13.326895249110622
32,Peebo et al. 2015,rich,0.35,0.0885944308733283,outer membrane,0.5832788344997191,7.0006821372296955,4.083349717706339,157.58070272144562,0.6248206765619563,13.96077267422561
33,Peebo et al. 2015,rich,0.42,0.0856185469603049,outer membrane,0.6265502638280924,6.8862297422519365,4.3145690617888075,166.48172512472013,0.6400338655308618,14.253923400623421
34,Peebo et al. 2015,rich,0.45,0.0880443240472817,outer membrane,0.6460643668167922,6.837178715832897,4.417257537857829,170.44874057330182,0.6465538036603928,15.007044148486838
35,Peebo et al. 2015,rich,0.53,0.0898124364856541,outer membrane,0.7011249877013807,6.706375978715457,4.702007775597709,181.49572819070428,0.6639403053391421,16.300573560545168
36,Peebo et al. 2015,rich,0.55,0.0863381965624197,outer membrane,0.7156082843780672,6.673675294436097,4.775737327947708,184.36758220567873,0.6682869307588294,15.917964552211963
37,Peebo et al. 2015,rich,0.63,0.087850523899719,outer membrane,0.7765957625176639,6.542872557318658,5.081167102706781,196.31666666841005,0.6856734324375786,17.246522017066326
38,Peebo et al. 2015,rich,0.65,0.0893240318137426,outer membrane,0.7926380759763185,6.510171873039298,5.160210107721015,199.42303623974036,0.690020057857266,17.813269633471712
39,Peebo et al. 2015,rich,0.73,0.0888449991339794,outer membrane,0.860190392497124,6.379369135921859,5.487472040912663,212.347882762838,0.7074065595360151,18.8660474601667
40,Peebo et al. 2015,rich,0.74,0.0952971365199294,outer membrane,0.8690295509851294,6.36301879378218,5.5296513652704675,214.02130682068605,0.7095798722458588,20.395617694264615
41,Peebo et al. 2015,rich,0.78,0.0905777782050802,outer membrane,0.9053038621619254,6.29761742522346,5.701257377473039,220.84792189708625,0.7182731230852334,20.003914086647153
42,Peebo et al. 2015,rich,0.82,0.1004491100897195,outer membrane,0.94309230556801,6.23221605666474,5.877555009677922,227.89228479539088,0.726966373924608,22.891577204009927
43,Schmidt et al. 2016,42C,0.66,0.0632681758543129,outer membrane,0.8007830792666287,6.493821530899618,5.200142401721729,200.99460503614506,0.6921933705671095,12.71656201719499
44,Schmidt et al. 2016,acetate,0.3,0.0683417243267765,outer membrane,0.5542126467741031,7.082433847928095,3.925174408462725,151.51570501429595,0.613954113012738,10.354844543264202
45,Schmidt et al. 2016,chemostat_u0.12,0.12,0.0728904963937255,outer membrane,0.46105974304981523,7.376740006442333,3.4011178519155942,131.55103708226494,0.5748344842355523,9.588820394035682
46,Schmidt et al. 2016,chemostat_u0.2,0.2,0.0734948686008291,outer membrane,0.5003534063767242,7.245937269324894,3.62552939509877,140.07701781298945,0.5922209859143015,10.294942018161658
47,Schmidt et al. 2016,chemostat_u0.35,0.35,0.0759761687574532,outer membrane,0.5832788344997191,7.0006821372296955,4.083349717706339,157.58070272144562,0.6248206765619563,11.972378062882616
48,Schmidt et al. 2016,chemostat_u0.5,0.5,0.07327548227873,outer membrane,0.6799478017727294,6.7554270051344965,4.593337742177334,177.2716057057718,0.6574203672096111,12.989662402415293
49,Schmidt et al. 2016,fructose,0.65,0.0598447458679852,outer membrane,0.7926380759763185,6.510171873039298,5.160210107721015,199.42303623974036,0.690020057857266,11.934420923989265
50,Schmidt et al. 2016,fumarate,0.42,0.069723961022065,outer membrane,0.6265502638280924,6.8862297422519365,4.3145690617888075,166.48172512472013,0.6400338655308618,11.607765313482126
51,Schmidt et al. 2016,galactose,0.26,0.0678682017533113,outer membrane,0.5320060895644713,7.147835216486815,3.8026918623743664,146.83221337318375,0.6052608621733634,9.96523828109649
52,Schmidt et al. 2016,glucosamine,0.46,0.0806021502315615,outer membrane,0.6527032055919713,6.8208283736932165,4.4519765443022346,171.79197517208436,0.6487271163702365,13.846802591397028
53,Schmidt et al. 2016,glucose,0.58,0.0725528860567108,outer membrane,0.7378961271372424,6.624624268017058,4.888284591109176,188.76079140794798,0.6748068688883603,13.695140190995405
54,Schmidt et al. 2016,glycerol,0.47,0.0714345520108051,outer membrane,0.6594102638550939,6.804478031553536,4.486942654182908,173.145795235924,0.6509004290800802,12.368592315232824
55,Schmidt et al. 2016,glycerol_pAA,1.27,0.0730342102100802,outer membrane,1.4940057587829625,5.4964506603791445,8.21172893947286,324.44273928063404,0.8247654458675724,23.695419221756072
56,Schmidt et al. 2016,lb_miller,1.9,0.0621566617767169,outer membrane,2.844916796750037,4.4663791055793105,12.706476938115987,531.9978427485879,0.9616841465877226,33.067209977667005
57,Schmidt et al. 2016,mannose,0.47,0.0611816820806417,outer membrane,0.6594102638550939,6.804478031553536,4.486942654182908,173.145795235924,0.6509004290800802,10.593350997724189
58,Schmidt et al. 2016,osmotic_stress_glucose,0.55,0.0954399688943527,outer membrane,0.7156082843780672,6.673675294436097,4.775737327947708,184.36758220567873,0.6682869307588294,17.596036310836993
59,Schmidt et al. 2016,pH6,0.63,0.0857159218192459,outer membrane,0.7765957625176639,6.542872557318658,5.081167102706781,196.31666666841005,0.6856734324375786,16.82746405196439
60,Schmidt et al. 2016,pyruvate,0.4,0.0645677164025242,outer membrane,0.6138694249502068,6.918930426531296,4.247319842205256,163.88847524315514,0.6356872401111746,10.58190459114215
61,Schmidt et al. 2016,succinate,0.44,0.0660831339997524,outer membrane,0.639493053648819,6.853529057972576,4.382784225553797,169.11600867224752,0.6443804909505492,11.17571586259142
62,Schmidt et al. 2016,xylose,0.55,0.0749733063220094,outer membrane,0.7156082843780672,6.673675294436097,4.775737327947708,184.36758220567873,0.6682869307588294,13.8226472165546
63,Soufi et al. 2015,M9_glucose,0.6931471805599453,0.0730553951816353,outer membrane,0.8283847473193586,6.439624756587533,5.33448692681725,206.29301707574558,0.6993972894477507,15.070817885680432
0,Caglar et al. 2017,gluconate_growth,0.6630116912775283,0.8667721820909706,cytoplasm,0.8032524628865911,6.488897312618951,5.212222747779355,201.47033524175967,0.6928479052602673,174.6288821040994
1,Caglar et al. 2017,glucose_time_course,0.7747553284413429,0.8533600215493458,cytoplasm,0.9004627700369989,6.306192642662889,5.678491695399168,219.94058125264422,0.7171332919494948,187.6884991573321
2,Li et al. 2014,MOPS complete,1.934364224818452,0.8317359411269075,cytoplasm,2.946640392419842,4.410192422264654,12.995251129788933,546.5437067643996,0.9691525672439093,454.58004431267653
3,Li et al. 2014,MOPS complete without methionine,1.5693898427772346,0.8389827592673373,cytoplasm,2.028990798979048,5.006938024123869,10.159031182005666,410.39526703787664,0.8898322209181582,344.31455352969346
4,Li et al. 2014,MOPS minimal,0.738700370046123,0.7828294527165931,cytoplasm,0.8678756720701127,6.365143733222266,5.5241533952931405,213.8030802460715,0.7092974220161733,167.37134829815398
5,Mori et al. 2021,0.2% galactose,0.4892803627481966,0.76661309893835,cytoplasm,0.6725368742895216,6.772953978802521,4.555061298610626,175.786197680903,0.6550906548211853,134.76000175474644
6,Mori et al. 2021,0.2% glucose,0.33,0.75195898498,cytoplasm,0.5714737721636489,7.033382821509055,4.019393812078788,155.12610214373564,0.620474051142269,116.64846631190726
7,Mori et al. 2021,0.2% glucose,0.34,0.7576964041389,cytoplasm,0.5773461316877175,7.017032479369375,4.051256557890982,156.3485854948762,0.6226473638521126,118.46476102167108
8,Mori et al. 2021,0.2% glucose,0.35,0.75318442331496,cytoplasm,0.5832788344997191,7.0006821372296955,4.083349717706339,157.58070272144562,0.6248206765619563,118.68733070481818
9,Mori et al. 2021,0.2% glucose,0.48,0.7733699803362,cytoplasm,0.6661862426170888,6.788127689413857,4.522157279815638,174.51028418440401,0.6530737417899237,134.9610150481572
10,Mori et al. 2021,0.2% glucose,0.49,0.7730679084013999,cytoplasm,0.6730318500923442,6.771777347274177,4.557621836449366,175.88552609450238,0.6552470544997674,135.9714557759568
11,Mori et al. 2021,0.2% glucose,0.5,0.7784754088931,cytoplasm,0.6799478017727294,6.7554270051344965,4.593337742177334,177.2716057057718,0.6574203672096111,138.0015857369371
12,Mori et al. 2021,0.2% glucose,0.55,0.769813587795,cytoplasm,0.7156082843780672,6.673675294436097,4.775737327947708,184.36758220567873,0.6682869307588294,141.92866993084314
13,Mori et al. 2021,0.2% glucose,0.71,0.7968917043035,cytoplasm,0.8427808782070557,6.412069820201219,5.403969834194141,209.0401856482584,0.7030599341163278,166.58238980916067
14,Mori et al. 2021,0.2% glucose,0.72,0.8004789499688,cytoplasm,0.8514411397237028,6.395719478061539,5.445578681753803,210.68754314092294,0.7052332468261715,168.65094330495225
15,Mori et al. 2021,0.2% glucose,0.81,0.818270785076749,cytoplasm,0.9334998327363508,6.24856639880442,5.833035688125908,226.11040411425813,0.7247930612147644,185.01953788859498
16,Mori et al. 2021,0.2% melibiose,0.6817841120261757,0.8037067984146,cytoplasm,0.818817168503128,6.458203762415909,5.288088118357643,204.46113659649774,0.6969277393210241,164.3268054941814
17,Mori et al. 2021,0.4% sodium acetate,0.5010702510071894,0.8111547505247,cytoplasm,0.6806921793763786,6.7536771081202085,4.597175189530703,177.42059658560441,0.6576529662212759,143.91555976133938
18,Mori et al. 2021,10 mM glucose-6-phosphate + 10 mM gluconate,1.1240224549620734,0.8251786269125,cytoplasm,1.2868824187000898,5.735128940987208,7.380436603134503,289.3164979263487,0.7930399604693024,238.73779050199755
19,Mori et al. 2021,12 mM arabinose,0.8487516496652392,0.8187060104331,cytoplasm,0.9712249056240349,6.1852061257540525,6.007226235750682,233.09409923895126,0.7332150064892516,190.83554004341886
20,Mori et al. 2021,20 mM mannitol,0.9041050181216675,0.8095210137561,cytoplasm,1.0277712593725288,6.0947014744694155,6.263959009915039,243.44545202709014,0.7452450244091531,197.07420911928202
21,Mori et al. 2021,24 mM xylose + 20 mM oxaloacetate,0.8317766166719343,0.809522904361,cytoplasm,0.9545154642778191,6.212960885481341,5.9303672441451525,230.00875177520084,0.7295258009938151,186.1973527655089
22,Mori et al. 2021,40 mM glycerol + 30 mM succinate,0.7701635339554948,0.8044411005581,cytoplasm,0.8962455748965601,6.31370038375076,5.658626030159332,219.14925098616945,0.7161353514177865,176.29266464979744
23,Peebo et al. 2015,glucose_minimal,0.21,0.7991561962435269,cytoplasm,0.5054949460841582,7.229586927185214,3.654519653968225,141.18090568090696,0.5943942986241452,112.82559556616974
24,Peebo et al. 2015,glucose_minimal,0.22,0.8089872340267986,cytoplasm,0.5106893193093143,7.213236585045534,3.6837228816339462,142.29349282329474,0.5965676113339888,115.11361917912933
25,Peebo et al. 2015,glucose_minimal,0.26,0.8116036379245304,cytoplasm,0.5320060895644713,7.147835216486815,3.8026918623743664,146.83221337318375,0.6052608621733634,119.1695585381868
26,Peebo et al. 2015,glucose_minimal,0.31,0.8063434355673352,cytoplasm,0.5599076341439018,7.066083505788415,3.9563540983892382,152.70973634916876,0.6161274257225816,123.13649345237071
27,Peebo et al. 2015,glucose_minimal,0.36,0.81998311223732,cytoplasm,0.589272500676198,6.984331795090015,4.115674662444972,158.82252974395098,0.6269939892718,130.23179223284924
28,Peebo et al. 2015,glucose_minimal,0.41,0.8232613462621117,cytoplasm,0.62017743441579,6.902580084391616,4.280824407587519,165.18001115916064,0.6378605528210182,135.98631836248123
29,Peebo et al. 2015,glucose_minimal,0.46,0.8323535773176933,cytoplasm,0.6527032055919713,6.8208283736932165,4.4519765443022346,171.79197517208436,0.6487271163702365,142.99166508895678
30,Peebo et al. 2015,glucose_minimal,0.51,0.8355877832961037,cytoplasm,0.6869348205023765,6.739076662994817,4.6293064178461,178.66860842556207,0.6595936799194547,149.29330645891497
31,Peebo et al. 2015,rich,0.25,0.8133604340408689,cytoplasm,0.5265948971177776,7.164185558626494,3.772623557177587,145.68413815592686,0.6030875494635197,118.49371384337458
32,Peebo et al. 2015,rich,0.35,0.8145762606557532,cytoplasm,0.5832788344997191,7.0006821372296955,4.083349717706339,157.58070272144562,0.6248206765619563,128.36149957434105
33,Peebo et al. 2015,rich,0.42,0.8136667804311639,cytoplasm,0.6265502638280924,6.8862297422519365,4.3145690617888075,166.48172512472013,0.6400338655308618,135.46064928285705
34,Peebo et al. 2015,rich,0.45,0.8240369209384231,cytoplasm,0.6460643668167922,6.837178715832897,4.417257537857829,170.44874057330182,0.6465538036603928,140.4560553598557
35,Peebo et al. 2015,rich,0.53,0.8295892661926436,cytoplasm,0.7011249877013807,6.706375978715457,4.702007775597709,181.49572819070428,0.6639403053391421,150.56690796682588
36,Peebo et al. 2015,rich,0.55,0.8395291788401804,cytoplasm,0.7156082843780672,6.673675294436097,4.775737327947708,184.36758220567873,0.6682869307588294,154.78196489388293
37,Peebo et al. 2015,rich,0.63,0.8282326753186863,cytoplasm,0.7765957625176639,6.542872557318658,5.081167102706781,196.31666666841005,0.6856734324375786,162.595878044424
38,Peebo et al. 2015,rich,0.65,0.8375684202270265,cytoplasm,0.7926380759763185,6.510171873039298,5.160210107721015,199.42303623974036,0.690020057857266,167.0304374201964
39,Peebo et al. 2015,rich,0.73,0.8108438546505191,cytoplasm,0.860190392497124,6.379369135921859,5.487472040912663,212.347882762838,0.7074065595360151,172.18097578629607
40,Peebo et al. 2015,rich,0.74,0.833468600100069,cytoplasm,0.8690295509851294,6.36301879378218,5.5296513652704675,214.02130682068605,0.7095798722458588,178.38003898742454
41,Peebo et al. 2015,rich,0.78,0.8470363410015106,cytoplasm,0.9053038621619254,6.29761742522346,5.701257377473039,220.84792189708625,0.7182731230852334,187.06621568149532
42,Peebo et al. 2015,rich,0.82,0.8603682121518634,cytoplasm,0.94309230556801,6.23221605666474,5.877555009677922,227.89228479539088,0.726966373924608,196.07127763261374
43,Schmidt et al. 2016,42C,0.66,0.8658685684006834,cytoplasm,0.8007830792666287,6.493821530899618,5.200142401721729,200.99460503614506,0.6921933705671095,174.0349109189077
44,Schmidt et al. 2016,acetate,0.3,0.8516876902575484,cytoplasm,0.5542126467741031,7.082433847928095,3.925174408462725,151.51570501429595,0.613954113012738,129.04406084136977
45,Schmidt et al. 2016,chemostat_u0.12,0.12,0.813448236629672,cytoplasm,0.46105974304981523,7.376740006442333,3.4011178519155942,131.55103708226494,0.5748344842355523,107.00995914137302
46,Schmidt et al. 2016,chemostat_u0.2,0.2,0.8112979578654184,cytoplasm,0.5003534063767242,7.245937269324894,3.62552939509877,140.07701781298945,0.5922209859143015,113.64419849555617
47,Schmidt et al. 2016,chemostat_u0.35,0.35,0.812056998259789,cytoplasm,0.5832788344997191,7.0006821372296955,4.083349717706339,157.58070272144562,0.6248206765619563,127.9645124356453
48,Schmidt et al. 2016,chemostat_u0.5,0.5,0.8324008360740955,cytoplasm,0.6799478017727294,6.7554270051344965,4.593337742177334,177.2716057057718,0.6574203672096111,147.56103280168185
49,Schmidt et al. 2016,fructose,0.65,0.8612317679806537,cytoplasm,0.7926380759763185,6.510171873039298,5.160210107721015,199.42303623974036,0.690020057857266,171.74945407682156
50,Schmidt et al. 2016,fumarate,0.42,0.8324500635392112,cytoplasm,0.6265502638280924,6.8862297422519365,4.3145690617888075,166.48172512472013,0.6400338655308618,138.58772265819078
51,Schmidt et al. 2016,galactose,0.26,0.8137237915033992,cytoplasm,0.5320060895644713,7.147835216486815,3.8026918623743664,146.83221337318375,0.6052608621733634,119.48086538086321
52,Schmidt et al. 2016,glucosamine,0.46,0.8294149452180767,cytoplasm,0.6527032055919713,6.8208283736932165,4.4519765443022346,171.79197517208436,0.6487271163702365,142.48683167625956
53,Schmidt et al. 2016,glucose,0.58,0.8559096019871977,cytoplasm,0.7378961271372424,6.624624268017058,4.888284591109176,188.76079140794798,0.6748068688883603,161.5621738447652
54,Schmidt et al. 2016,glycerol,0.47,0.8393859645290027,cytoplasm,0.6594102638550939,6.804478031553536,4.486942654182908,173.145795235924,0.6509004290800802,145.33615033824728
55,Schmidt et al. 2016,glycerol_pAA,1.27,0.8554070430059264,cytoplasm,1.4940057587829625,5.4964506603791445,8.21172893947286,324.44273928063404,0.8247654458675724,277.53060423278987
56,Schmidt et al. 2016,lb_miller,1.9,0.8804796919834716,cytoplasm,2.844916796750037,4.4663791055793105,12.706476938115987,531.9978427485879,0.9616841465877226,468.4132967191481
57,Schmidt et al. 2016,mannose,0.47,0.840364612146373,cytoplasm,0.6594102638550939,6.804478031553536,4.486942654182908,173.145795235924,0.6509004290800802,145.5055990582126
58,Schmidt et al. 2016,osmotic_stress_glucose,0.55,0.8246912138260166,cytoplasm,0.7156082843780672,6.673675294436097,4.775737327947708,184.36758220567873,0.6682869307588294,152.0463251593691
59,Schmidt et al. 2016,pH6,0.63,0.8242788376533925,cytoplasm,0.7765957625176639,6.542872557318658,5.081167102706781,196.31666666841005,0.6856734324375786,161.81967381342554
60,Schmidt et al. 2016,pyruvate,0.4,0.8412272636653535,cytoplasm,0.6138694249502068,6.918930426531296,4.247319842205256,163.88847524315514,0.6356872401111746,137.86745357508644
61,Schmidt et al. 2016,succinate,0.44,0.840434893616995,cytoplasm,0.639493053648819,6.853529057972576,4.382784225553797,169.11600867224752,0.6443804909505492,142.13099475739114
62,Schmidt et al. 2016,xylose,0.55,0.8558758384424112,cytoplasm,0.7156082843780672,6.673675294436097,4.775737327947708,184.36758220567873,0.6682869307588294,157.79575900188547
63,Soufi et al. 2015,M9_glucose,0.6931471805599453,0.82704346283961,cytoplasm,0.8283847473193586,6.439624756587533,5.33448692681725,206.29301707574558,0.6993972894477507,170.61329120195543
0,Caglar et al. 2017,gluconate_growth,0.6630116912775283,0.1681035516740634,ribosomal sector,0.8032524628865911,6.488897312618951,5.212222747779355,201.47033524175967,0.6928479052602673,33.86787891110402
1,Caglar et al. 2017,glucose_time_course,0.7747553284413429,0.1737462604444433,ribosomal sector,0.9004627700369989,6.306192642662889,5.678491695399168,219.94058125264422,0.7171332919494948,38.21385351262417
2,Li et al. 2014,MOPS complete,1.934364224818452,0.4262789317675006,ribosomal sector,2.946640392419842,4.410192422264654,12.995251129788933,546.5437067643996,0.9691525672439093,232.98006748377836
3,Li et al. 2014,MOPS complete without methionine,1.5693898427772346,0.3296864255274224,ribosomal sector,2.028990798979048,5.006938024123869,10.159031182005666,410.39526703787664,0.8898322209181582,135.30174864308955
4,Li et al. 2014,MOPS minimal,0.738700370046123,0.2180658002350644,ribosomal sector,0.8678756720701127,6.365143733222266,5.5241533952931405,213.8030802460715,0.7092974220161733,46.62313978658127
5,Mori et al. 2021,0.2% galactose,0.4892803627481966,0.198498919608,ribosomal sector,0.6725368742895216,6.772953978802521,4.555061298610626,175.786197680903,0.6550906548211853,34.893370321657564
6,Mori et al. 2021,0.2% glucose,0.33,0.17766341438,ribosomal sector,0.5714737721636489,7.033382821509055,4.019393812078788,155.12610214373564,0.620474051142269,27.56023296631671
7,Mori et al. 2021,0.2% glucose,0.34,0.18146187615,ribosomal sector,0.5773461316877175,7.017032479369375,4.051256557890982,156.3485854948762,0.6226473638521126,28.371307657298914
8,Mori et al. 2021,0.2% glucose,0.35,0.180101735529,ribosomal sector,0.5832788344997191,7.0006821372296955,4.083349717706339,157.58070272144562,0.6248206765619563,28.380558046011767
9,Mori et al. 2021,0.2% glucose,0.48,0.198033415519,ribosomal sector,0.6661862426170888,6.788127689413857,4.522157279815638,174.51028418440401,0.6530737417899237,34.55886762022885
10,Mori et al. 2021,0.2% glucose,0.49,0.2007922616,ribosomal sector,0.6730318500923442,6.771777347274177,4.557621836449366,175.88552609450238,0.6552470544997674,35.31645256722095
11,Mori et al. 2021,0.2% glucose,0.5,0.206544420373,ribosomal sector,0.6799478017727294,6.7554270051344965,4.593337742177334,177.2716057057718,0.6574203672096111,36.614461049089634
12,Mori et al. 2021,0.2% glucose,0.55,0.21524792015,ribosomal sector,0.7156082843780672,6.673675294436097,4.775737327947708,184.36758220567873,0.6682869307588294,39.68473861285649
13,Mori et al. 2021,0.2% glucose,0.71,0.23569015892,ribosomal sector,0.8427808782070557,6.412069820201219,5.403969834194141,209.0401856482584,0.7030599341163278,49.26871457610432
14,Mori et al. 2021,0.2% glucose,0.72,0.232203127961,ribosomal sector,0.8514411397237028,6.395719478061539,5.445578681753803,210.68754314092294,0.7052332468261715,48.92230653974044
15,Mori et al. 2021,0.2% glucose,0.81,0.25545562602,ribosomal sector,0.9334998327363508,6.24856639880442,5.833035688125908,226.11040411425813,0.7247930612147644,57.76117483264299
16,Mori et al. 2021,0.2% melibiose,0.6817841120261757,0.223844821114,ribosomal sector,0.818817168503128,6.458203762415909,5.288088118357643,204.46113659649774,0.6969277393210241,45.76756654620816
17,Mori et al. 2021,0.4% sodium acetate,0.5010702510071894,0.188601052856,ribosomal sector,0.6806921793763786,6.7536771081202085,4.597175189530703,177.42059658560441,0.6576529662212759,33.46171131438464
18,Mori et al. 2021,10 mM glucose-6-phosphate + 10 mM gluconate,1.1240224549620734,0.2753557485,ribosomal sector,1.2868824187000898,5.735128940987208,7.380436603134503,289.3164979263487,0.7930399604693024,79.66496083990845
19,Mori et al. 2021,12 mM arabinose,0.8487516496652392,0.253069037967,ribosomal sector,0.9712249056240349,6.1852061257540525,6.007226235750682,233.09409923895126,0.7332150064892516,58.98889945018582
20,Mori et al. 2021,20 mM mannitol,0.9041050181216675,0.256656001227,ribosomal sector,1.0277712593725288,6.0947014744694155,6.263959009915039,243.44545202709014,0.7452450244091531,62.481736234172416
21,Mori et al. 2021,24 mM xylose + 20 mM oxaloacetate,0.8317766166719343,0.26048517489,ribosomal sector,0.9545154642778191,6.212960885481341,5.9303672441451525,230.00875177520084,0.7295258009938151,59.91386993239379
22,Mori et al. 2021,40 mM glycerol + 30 mM succinate,0.7701635339554948,0.251909370331,ribosomal sector,0.8962455748965601,6.31370038375076,5.658626030159332,219.14925098616945,0.7161353514177865,55.20574982443623
23,Peebo et al. 2015,glucose_minimal,0.21,0.162557451067356,ribosomal sector,0.5054949460841582,7.229586927185214,3.654519653968225,141.18090568090696,0.5943942986241452,22.950008166869036
24,Peebo et al. 2015,glucose_minimal,0.22,0.1626399953892002,ribosomal sector,0.5106893193093143,7.213236585045534,3.6837228816339462,142.29349282329474,0.5965676113339888,23.14261301669385
25,Peebo et al. 2015,glucose_minimal,0.26,0.1744546370987097,ribosomal sector,0.5320060895644713,7.147835216486815,3.8026918623743664,146.83221337318375,0.6052608621733634,25.61556049841908
26,Peebo et al. 2015,glucose_minimal,0.31,0.1871013444382784,ribosomal sector,0.5599076341439018,7.066083505788415,3.9563540983892382,152.70973634916876,0.6161274257225816,28.572196979744508
27,Peebo et al. 2015,glucose_minimal,0.36,0.2090878175022815,ribosomal sector,0.589272500676198,6.984331795090015,4.115674662444972,158.82252974395098,0.6269939892718,33.2078561143539
28,Peebo et al. 2015,glucose_minimal,0.41,0.2244180232152542,ribosomal sector,0.62017743441579,6.902580084391616,4.280824407587519,165.18001115916064,0.6378605528210182,37.06937157901246
29,Peebo et al. 2015,glucose_minimal,0.46,0.2395719581606008,ribosomal sector,0.6527032055919713,6.8208283736932165,4.4519765443022346,171.79197517208436,0.6487271163702365,41.15653988825357
30,Peebo et al. 2015,glucose_minimal,0.51,0.2540889620598627,ribosomal sector,0.6869348205023765,6.739076662994817,4.6293064178461,178.66860842556207,0.6595936799194547,45.397721267531104
31,Peebo et al. 2015,rich,0.25,0.1831589310878816,ribosomal sector,0.5265948971177776,7.164185558626494,3.772623557177587,145.68413815592686,0.6030875494635197,26.68335102109883
32,Peebo et al. 2015,rich,0.35,0.1997814657618226,ribosomal sector,0.5832788344997191,7.0006821372296955,4.083349717706339,157.58070272144562,0.6248206765619563,31.48170376546843
33,Peebo et al. 2015,rich,0.42,0.2148849740251046,ribosomal sector,0.6265502638280924,6.8862297422519365,4.3145690617888075,166.48172512472013,0.6400338655308618,35.774421179080086
34,Peebo et al. 2015,rich,0.45,0.2257550480395367,ribosomal sector,0.6460643668167922,6.837178715832897,4.417257537857829,170.44874057330182,0.6465538036603928,38.47966361640428
35,Peebo et al. 2015,rich,0.53,0.2420428082085046,ribosomal sector,0.7011249877013807,6.706375978715457,4.702007775597709,181.49572819070428,0.6639403053391421,43.92973572912552
36,Peebo et al. 2015,rich,0.55,0.2512318097442054,ribosomal sector,0.7156082843780672,6.673675294436097,4.775737327947708,184.36758220567873,0.6682869307588294,46.31900133569623
37,Peebo et al. 2015,rich,0.63,0.2640381242402907,ribosomal sector,0.7765957625176639,6.542872557318658,5.081167102706781,196.31666666841005,0.6856734324375786,51.83508442423339
38,Peebo et al. 2015,rich,0.65,0.2777506838607421,ribosomal sector,0.7926380759763185,6.510171873039298,5.160210107721015,199.42303623974036,0.690020057857266,55.389884693173435
39,Peebo et al. 2015,rich,0.73,0.27608434057162,ribosomal sector,0.860190392497124,6.379369135921859,5.487472040912663,212.347882762838,0.7074065595360151,58.625925184357804
40,Peebo et al. 2015,rich,0.74,0.2956951380291907,ribosomal sector,0.8690295509851294,6.36301879378218,5.5296513652704675,214.02130682068605,0.7095798722458588,63.28505986153053
41,Peebo et al. 2015,rich,0.78,0.3113709661368409,ribosomal sector,0.9053038621619254,6.29761742522346,5.701257377473039,220.84792189708625,0.7182731230852334,68.76563081040932
42,Peebo et al. 2015,rich,0.82,0.3377576920672417,ribosomal sector,0.94309230556801,6.23221605666474,5.877555009677922,227.89228479539088,0.726966373924608,76.97237215242178
43,Schmidt et al. 2016,42C,0.66,0.2553255268142644,ribosomal sector,0.8007830792666287,6.493821530899618,5.200142401721729,200.99460503614506,0.6921933705671095,51.31905341767874
44,Schmidt et al. 2016,acetate,0.3,0.1690660272730326,ribosomal sector,0.5542126467741031,7.082433847928095,3.925174408462725,151.51570501429595,0.613954113012738,25.616158316239723
45,Schmidt et al. 2016,chemostat_u0.12,0.12,0.1540250098068607,ribosomal sector,0.46105974304981523,7.376740006442333,3.4011178519155942,131.55103708226494,0.5748344842355523,20.262149776698553
46,Schmidt et al. 2016,chemostat_u0.2,0.2,0.1604091936964943,ribosomal sector,0.5003534063767242,7.245937269324894,3.62552939509877,140.07701781298945,0.5922209859143015,22.469641482791108
47,Schmidt et al. 2016,chemostat_u0.35,0.35,0.1734735610791054,ribosomal sector,0.5832788344997191,7.0006821372296955,4.083349717706339,157.58070272144562,0.6248206765619563,27.336085658437046
48,Schmidt et al. 2016,chemostat_u0.5,0.5,0.2085483867467835,ribosomal sector,0.6799478017727294,6.7554270051344965,4.593337742177334,177.2716057057718,0.6574203672096111,36.96970738595061
49,Schmidt et al. 2016,fructose,0.65,0.2536380940856611,ribosomal sector,0.7926380759763185,6.510171873039298,5.160210107721015,199.42303623974036,0.690020057857266,50.581278828623475
50,Schmidt et al. 2016,fumarate,0.42,0.2094843147522087,ribosomal sector,0.6265502638280924,6.8862297422519365,4.3145690617888075,166.48172512472013,0.6400338655308618,34.87531010651756
51,Schmidt et al. 2016,galactose,0.26,0.1792813495403774,ribosomal sector,0.5320060895644713,7.147835216486815,3.8026918623743664,146.83221337318375,0.6052608621733634,26.32427736954503
52,Schmidt et al. 2016,glucosamine,0.46,0.2142958619035938,ribosomal sector,0.6527032055919713,6.8208283736932165,4.4519765443022346,171.79197517208436,0.6487271163702365,36.8143093876226
53,Schmidt et al. 2016,glucose,0.58,0.2639911597070281,ribosomal sector,0.7378961271372424,6.624624268017058,4.888284591109176,188.76079140794798,0.6748068688883603,49.83118023100061
54,Schmidt et al. 2016,glycerol,0.47,0.2258686953368786,ribosomal sector,0.6594102638550939,6.804478031553536,4.486942654182908,173.145795235924,0.6509004290800802,39.108214873004485
55,Schmidt et al. 2016,glycerol_pAA,1.27,0.3015961228689542,ribosomal sector,1.4940057587829625,5.4964506603791445,8.21172893947286,324.44273928063404,0.8247654458675724,97.85067226002218
56,Schmidt et al. 2016,lb_miller,1.9,0.378861326805967,ribosomal sector,2.844916796750037,4.4663791055793105,12.706476938115987,531.9978427485879,0.9616841465877226,201.55340856164221
57,Schmidt et al. 2016,mannose,0.47,0.2084361421277621,ribosomal sector,0.6594102638550939,6.804478031553536,4.486942654182908,173.145795235924,0.6509004290800802,36.08984158461945
58,Schmidt et al. 2016,osmotic_stress_glucose,0.55,0.2285163264815953,ribosomal sector,0.7156082843780672,6.673675294436097,4.775737327947708,184.36758220567873,0.6682869307588294,42.131002607935244
59,Schmidt et al. 2016,pH6,0.63,0.2222572340891856,ribosomal sector,0.7765957625176639,6.542872557318658,5.081167102706781,196.31666666841005,0.6856734324375786,43.63279933932943
60,Schmidt et al. 2016,pyruvate,0.4,0.202785354344458,ribosomal sector,0.6138694249502068,6.918930426531296,4.247319842205256,163.88847524315514,0.6356872401111746,33.23418252515614
61,Schmidt et al. 2016,succinate,0.44,0.219712031012949,ribosomal sector,0.639493053648819,6.853529057972576,4.382784225553797,169.11600867224752,0.6443804909505492,37.156821742183
62,Schmidt et al. 2016,xylose,0.55,0.2449123093262596,ribosomal sector,0.7156082843780672,6.673675294436097,4.775737327947708,184.36758220567873,0.6682869307588294,45.15389032289178
63,Soufi et al. 2015,M9_glucose,0.6931471805599453,0.1774881022308343,ribosomal sector,0.8283847473193586,6.439624756587533,5.33448692681725,206.29301707574558,0.6993972894477507,36.61455610424718
0,Caglar et al. 2017,gluconate_growth,0.6630116912775283,0.537382924983643,metabolic sector,0.8032524628865911,6.488897312618951,5.212222747779355,201.47033524175967,0.6928479052602673,108.26671804965196
1,Caglar et al. 2017,glucose_time_course,0.7747553284413429,0.5219491719264276,metabolic sector,0.9004627700369989,6.306192642662889,5.678491695399168,219.94058125264422,0.7171332919494948,114.79780425783483
2,Li et al. 2014,MOPS complete,1.934364224818452,0.2727429537236778,metabolic sector,2.946640392419842,4.410192422264654,12.995251129788933,546.5437067643996,0.9691525672439093,149.06594492200998
3,Li et al. 2014,MOPS complete without methionine,1.5693898427772346,0.3862589931582446,metabolic sector,2.028990798979048,5.006938024123869,10.159031182005666,410.39526703787664,0.8898322209181582,158.51886264295914
4,Li et al. 2014,MOPS minimal,0.738700370046123,0.4575131621893401,metabolic sector,0.8678756720701127,6.365143733222266,5.5241533952931405,213.8030802460715,0.7092974220161733,97.8177233292014
5,Mori et al. 2021,0.2% galactose,0.4892803627481966,0.4437347982243,metabolic sector,0.6725368742895216,6.772953978802521,4.555061298610626,175.786197680903,0.6550906548211853,78.00245295855241
6,Mori et al. 2021,0.2% glucose,0.33,0.4479257852798,metabolic sector,0.5714737721636489,7.033382821509055,4.019393812078788,155.12610214373564,0.620474051142269,69.48498112012724
7,Mori et al. 2021,0.2% glucose,0.34,0.4547802318139,metabolic sector,0.5773461316877175,7.017032479369375,4.051256557890982,156.3485854948762,0.6226473638521126,71.10424595513516
8,Mori et al. 2021,0.2% glucose,0.35,0.45177788189546,metabolic sector,0.5832788344997191,7.0006821372296955,4.083349717706339,157.58070272144562,0.6248206765619563,71.19147610309285
9,Mori et al. 2021,0.2% glucose,0.48,0.449804375365,metabolic sector,0.6661862426170888,6.788127689413857,4.522157279815638,174.51028418440401,0.6530737417899237,78.49548937233449
10,Mori et al. 2021,0.2% glucose,0.49,0.4435337220032,metabolic sector,0.6730318500923442,6.771777347274177,4.557621836449366,175.88552609450238,0.6552470544997674,78.0111620351856
11,Mori et al. 2021,0.2% glucose,0.5,0.450506543226,metabolic sector,0.6799478017727294,6.7554270051344965,4.593337742177334,177.2716057057718,0.6574203672096111,79.8620182986297
12,Mori et al. 2021,0.2% glucose,0.55,0.4389254311443,metabolic sector,0.7156082843780672,6.673675294436097,4.775737327947708,184.36758220567873,0.6682869307588294,80.92362050865971
13,Mori et al. 2021,0.2% glucose,0.71,0.4423499590125,metabolic sector,0.8427808782070557,6.412069820201219,5.403969834194141,209.0401856482584,0.7030599341163278,92.4689175534725
14,Mori et al. 2021,0.2% glucose,0.72,0.4398681852727999,metabolic sector,0.8514411397237028,6.395719478061539,5.445578681753803,210.68754314092294,0.7052332468261715,92.67474726098251
15,Mori et al. 2021,0.2% glucose,0.81,0.432381654271449,metabolic sector,0.9334998327363508,6.24856639880442,5.833035688125908,226.11040411425813,0.7247930612147644,97.76599057890877
16,Mori et al. 2021,0.2% melibiose,0.6817841120261757,0.479045971699,metabolic sector,0.818817168503128,6.458203762415909,5.288088118357643,204.46113659649774,0.6969277393210241,97.94628385555123
17,Mori et al. 2021,0.4% sodium acetate,0.5010702510071894,0.4987678276008,metabolic sector,0.6806921793763786,6.7536771081202085,4.597175189530703,177.42059658560441,0.6576529662212759,88.49168553063983
18,Mori et al. 2021,10 mM glucose-6-phosphate + 10 mM gluconate,1.1240224549620734,0.4355021220669,metabolic sector,1.2868824187000898,5.735128940987208,7.380436603134503,289.3164979263487,0.7930399604693024,125.99794879588872
19,Mori et al. 2021,12 mM arabinose,0.8487516496652392,0.428122432848,metabolic sector,0.9712249056240349,6.1852061257540525,6.007226235750682,233.09409923895126,0.7332150064892516,99.79281284869296
20,Mori et al. 2021,20 mM mannitol,0.9041050181216675,0.4302268874595,metabolic sector,1.0277712593725288,6.0947014744694155,6.263959009915039,243.44545202709014,0.7452450244091531,104.73677909178602
21,Mori et al. 2021,24 mM xylose + 20 mM oxaloacetate,0.8317766166719343,0.4319498802063,metabolic sector,0.9545154642778191,6.212960885481341,5.9303672441451525,230.00875177520084,0.7295258009938151,99.35225277569859
22,Mori et al. 2021,40 mM glycerol + 30 mM succinate,0.7701635339554948,0.4237327298568,metabolic sector,0.8962455748965601,6.31370038375076,5.658626030159332,219.14925098616945,0.7161353514177865,92.8607103664426
23,Peebo et al. 2015,glucose_minimal,0.21,0.5736704201170821,metabolic sector,0.5054949460841582,7.229586927185214,3.654519653968225,141.18090568090696,0.5943942986241452,80.99130947447604
24,Peebo et al. 2015,glucose_minimal,0.22,0.5770359675241122,metabolic sector,0.5106893193093143,7.213236585045534,3.6837228816339462,142.29349282329474,0.5965676113339888,82.10846330367521
25,Peebo et al. 2015,glucose_minimal,0.26,0.5640885544553325,metabolic sector,0.5320060895644713,7.147835216486815,3.8026918623743664,146.83221337318375,0.6052608621733634,82.82637098915616
26,Peebo et al. 2015,glucose_minimal,0.31,0.5547795154108708,metabolic sector,0.5599076341439018,7.066083505788415,3.9563540983892382,152.70973634916876,0.6161274257225816,84.72023353031369
27,Peebo et al. 2015,glucose_minimal,0.36,0.5291286455838202,metabolic sector,0.589272500676198,6.984331795090015,4.115674662444972,158.82252974395098,0.6269939892718,84.03755005161278
28,Peebo et al. 2015,glucose_minimal,0.41,0.5186166397347349,metabolic sector,0.62017743441579,6.902580084391616,4.280824407587519,165.18001115916064,0.6378605528210182,85.66510233870991
29,Peebo et al. 2015,glucose_minimal,0.46,0.5034456022912132,metabolic sector,0.6527032055919713,6.8208283736932165,4.4519765443022346,171.79197517208436,0.6487271163702365,86.48791440930715
30,Peebo et al. 2015,glucose_minimal,0.51,0.4869756157576699,metabolic sector,0.6869348205023765,6.739076662994817,4.6293064178461,178.66860842556207,0.6595936799194547,87.0072556046041
31,Peebo et al. 2015,rich,0.25,0.5519918940327675,metabolic sector,0.5265948971177776,7.164185558626494,3.772623557177587,145.68413815592686,0.6030875494635197,80.41646335122144
32,Peebo et al. 2015,rich,0.35,0.5478359931895046,metabolic sector,0.5832788344997191,7.0006821372296955,4.083349717706339,157.58070272144562,0.6248206765619563,86.32838078290322
33,Peebo et al. 2015,rich,0.42,0.5355069692183313,metabolic sector,0.6265502638280924,6.8862297422519365,4.3145690617888075,166.48172512472013,0.6400338655308618,89.15212405177819
34,Peebo et al. 2015,rich,0.45,0.5275769877417648,metabolic sector,0.6460643668167922,6.837178715832897,4.417257537857829,170.44874057330182,0.6465538036603928,89.92483311604009
35,Peebo et al. 2015,rich,0.53,0.5174782911645076,metabolic sector,0.7011249877013807,6.706375978715457,4.702007775597709,181.49572819070428,0.6639403053391421,93.9200992777836
36,Peebo et al. 2015,rich,0.55,0.5080502283077115,metabolic sector,0.7156082843780672,6.673675294436097,4.775737327947708,184.36758220567873,0.6682869307588294,93.66799223213584
37,Peebo et al. 2015,rich,0.63,0.5004073210603147,metabolic sector,0.7765957625176639,6.542872557318658,5.081167102706781,196.31666666841005,0.6856734324375786,98.23829724702985
38,Peebo et al. 2015,rich,0.65,0.4862171397975063,metabolic sector,0.7926380759763185,6.510171873039298,5.160210107721015,199.42303623974036,0.690020057857266,96.962898290221
39,Peebo et al. 2015,rich,0.73,0.4869700664711376,metabolic sector,0.860190392497124,6.379369135921859,5.487472040912663,212.347882762838,0.7074065595360151,103.40706258402456
40,Peebo et al. 2015,rich,0.74,0.4612963782372676,metabolic sector,0.8690295509851294,6.36301879378218,5.5296513652704675,214.02130682068605,0.7095798722458588,98.7272537019895
41,Peebo et al. 2015,rich,0.78,0.4460351515516785,metabolic sector,0.9053038621619254,6.29761742522346,5.701257377473039,220.84792189708625,0.7182731230852334,98.50593631324013
42,Peebo et al. 2015,rich,0.82,0.4167084417236872,metabolic sector,0.94309230556801,6.23221605666474,5.877555009677922,227.89228479539088,0.726966373924608,94.96463887793807
43,Schmidt et al. 2016,42C,0.66,0.4490684375074368,metabolic sector,0.8007830792666287,6.493821530899618,5.200142401721729,200.99460503614506,0.6921933705671095,90.26033323100604
44,Schmidt et al. 2016,acetate,0.3,0.5833752680382264,metabolic sector,0.5542126467741031,7.082433847928095,3.925174408462725,151.51570501429595,0.613954113012738,88.39051502471574
45,Schmidt et al. 2016,chemostat_u0.12,0.12,0.5782218317315415,metabolic sector,0.46105974304981523,7.376740006442333,3.4011178519155942,131.55103708226494,0.5748344842355523,76.06568162789118
46,Schmidt et al. 2016,chemostat_u0.2,0.2,0.5704770865150264,metabolic sector,0.5003534063767242,7.245937269324894,3.62552939509877,140.07701781298945,0.5922209859143015,79.91072900966768
47,Schmidt et al. 2016,chemostat_u0.35,0.35,0.5577695328849327,metabolic sector,0.5832788344997191,7.0006821372296955,4.083349717706339,157.58070272144562,0.6248206765619563,87.89371494862017
48,Schmidt et al. 2016,chemostat_u0.5,0.5,0.5264024239911672,metabolic sector,0.6799478017727294,6.7554270051344965,4.593337742177334,177.2716057057718,0.6574203672096111,93.3162029483247
49,Schmidt et al. 2016,fructose,0.65,0.4949455008069489,metabolic sector,0.7926380759763185,6.510171873039298,5.160210107721015,199.42303623974036,0.690020057857266,98.7035345441206
50,Schmidt et al. 2016,fumarate,0.42,0.5269519862890801,metabolic sector,0.6265502638280924,6.8862297422519365,4.3145690617888075,166.48172512472013,0.6400338655308618,87.72787573530393
51,Schmidt et al. 2016,galactose,0.26,0.5604384011340481,metabolic sector,0.5320060895644713,7.147835216486815,3.8026918623743664,146.83221337318375,0.6052608621733634,82.29041089784049
52,Schmidt et al. 2016,glucosamine,0.46,0.504951257525619,metabolic sector,0.6527032055919713,6.8208283736932165,4.4519765443022346,171.79197517208436,0.6487271163702365,86.74657389595392
53,Schmidt et al. 2016,glucose,0.58,0.4669591272296757,metabolic sector,0.7378961271372424,6.624624268017058,4.888284591109176,188.76079140794798,0.6748068688883603,88.14357441103826
54,Schmidt et al. 2016,glycerol,0.47,0.5017603063693551,metabolic sector,0.6594102638550939,6.804478031553536,4.486942654182908,173.145795235924,0.6509004290800802,86.87768726414285
55,Schmidt et al. 2016,glycerol_pAA,1.27,0.4253264880861955,metabolic sector,1.4940057587829625,5.4964506603791445,8.21172893947286,324.44273928063404,0.8247654458675724,137.99409088329722
56,Schmidt et al. 2016,lb_miller,1.9,0.339675639975306,metabolic sector,2.844916796750037,4.4663791055793105,12.706476938115987,531.9978427485879,0.9616841465877226,180.7067077011088
57,Schmidt et al. 2016,mannose,0.47,0.5325467531433675,metabolic sector,0.6594102638550939,6.804478031553536,4.486942654182908,173.145795235924,0.6509004290800802,92.20823107331768
58,Schmidt et al. 2016,osmotic_stress_glucose,0.55,0.463289961813202,metabolic sector,0.7156082843780672,6.673675294436097,4.775737327947708,184.36758220567873,0.6682869307588294,85.41565011966128
59,Schmidt et al. 2016,pH6,0.63,0.4658254799292293,metabolic sector,0.7765957625176639,6.542872557318658,5.081167102706781,196.31666666841005,0.6856734324375786,91.44930546891864
60,Schmidt et al. 2016,pyruvate,0.4,0.5355884535217553,metabolic sector,0.6138694249502068,6.918930426531296,4.247319842205256,163.88847524315514,0.6356872401111746,87.77677500551995
61,Schmidt et al. 2016,succinate,0.44,0.5226034220027934,metabolic sector,0.639493053648819,6.853529057972576,4.382784225553797,169.11600867224752,0.6443804909505492,88.38060484757064
62,Schmidt et al. 2016,xylose,0.55,0.4839813938094173,metabolic sector,0.7156082843780672,6.673675294436097,4.775737327947708,184.36758220567873,0.6682869307588294,89.23047940917671
63,Soufi et al. 2015,M9_glucose,0.6931471805599453,0.5578592627751928,metabolic sector,0.8283847473193586,6.439624756587533,5.33448692681725,206.29301707574558,0.6993972894477507,115.0824704215457
